ID_date;ID_site;C14Age;Std;Method;Sample;Sample_type;Type_site;Marine;Marine_err;Reservoir;Reservoir_err;Combined;Filtered
55;1;14800;2900;OSL;Sediment;Individual;Shelter;0;0;0;0;0;0
66;2;15660;86;AMS;Tooth;Individual;Open;0;0;0;0;0;1
770;2;8749;58;C14;Charcoal;Individual;Open;0;0;0;0;0;1
1118;2;8825;57;C14;Charcoal;Individual;Open;0;0;0;0;0;1
1119;2;8886;30;C14;Charcoal;Individual;Open;0;0;0;0;0;1
36;2;7500;90;AMS;Human_tooth;Individual;Open;0.3;0;69;17;0;1
65;3;12590;100;C14;Charcoal;Unknown;Cave ;0;0;0;0;0;1
70;3;14380;90;C14;Charcoal;Unknown;Cave ;0;0;0;0;0;1
71;3;10900;70;C14;Charcoal;Unknown;Cave ;0;0;0;0;0;1
72;3;12410;80;C14;Charcoal;Unknown;Cave ;0;0;0;0;0;1
73;3;15110;90;C14;Charcoal;Unknown;Cave ;0;0;0;0;0;1
74;3;12590;80;C14;Charcoal;Unknown;Cave ;0;0;0;0;0;1
56;4;10260;70;C14;Shell;Aggregated;Shelter;1;0;380;30;0;1
260;98;6455;60;C14;Shell;Individual;Cave;1;0;-105;21;0;1
75;4;9880;220;C14;Bone;Individual;Shelter;0;0;0;0;0;0
76;4;10110;90;C14;Bone;Aggregated;Shelter;0;0;0;0;0;1
60;5;9100;160;C14;Charcoal;Unknown;Open;0;0;0;0;0;1
77;5;9270;170;C14;Charcoal;Unknown;Open;0;0;0;0;0;1
78;5;10160;80;C14;Charcoal;Aggregated;Open;0;0;0;0;0;1
79;5;10940;210;C14;Charcoal;Unknown;Open;0;0;0;0;0;0
80;5;11110;130;C14;Charcoal;Aggregated;Open;0;0;0;0;0;1
81;5;11160;280;C14;Charcoal;Aggregated;Open;0;0;0;0;0;0
82;5;11680;60;C14;Charcoal;Aggregated;Open;0;0;0;0;0;1
83;5;12220;110;C14;Charcoal;Aggregated;Open;0;0;0;0;0;1
85;5;11810;110;C14;Charcoal;Individual;Open;0;0;0;0;0;1
86;5;14050;850;C14;Charcoal;Aggregated;Open;0;0;0;0;0;0
87;5;15420;180;C14;Charcoal;Aggregated;Open;0;0;0;0;0;1
88;5;15040;210;C14;Charcoal;Aggregated;Open;0;0;0;0;0;0
89;5;15410;195;C14;Charcoal;Individual;Open;0;0;0;0;0;1
90;5;16340;420;C14;Charcoal;Aggregated;Open;0;0;0;0;0;0
91;5;15820;400;C14;Charcoal;Individual;Open;0;0;0;0;0;0
92;5;20400;2300;TL;Flint;Individual;Open;0;0;0;0;0;0
93;5;16180;290;C14;Charcoal;Aggregated;Open;0;0;0;0;0;0
59;6;10500;700;TL;Flint;Unknown;Open;0;0;0;0;0;0
64;7;10880;90;C14;Charcoal;Individual;Open;0;0;0;0;0;1
61;8;11660;60;C14;Bone;Unknown;Cave ;0;0;0;0;0;1
94;8;12240;60;C14;Charcoal;Unknown;Cave ;0;0;0;0;0;1
62;9;10070;80;C14;Charcoal;Unknown;Cave;0;0;0;0;0;1
95;9;11700;120;C14;Charcoal;Unknown;Cave;0;0;0;0;0;1
96;9;12500;160;C14;Charcoal;Unknown;Cave;0;0;0;0;0;0
97;9;11550;120;C14;Charcoal;Unknown;Cave;0;0;0;0;0;1
98;9;11780;90;C14;Charcoal;Unknown;Cave;0;0;0;0;0;1
99;9;12210;100;C14;Charcoal;Unknown;Cave;0;0;0;0;0;1
100;9;12320;90;AMS;Charcoal;Unknown;Cave;0;0;0;0;0;1
101;9;10490;110;AMS;Charcoal;Unknown;Cave;0;0;0;0;0;0
102;9;11880;80;C14;Charcoal;Unknown;Cave;0;0;0;0;0;0
103;9;15035;87;AMS;Bone;Unknown;Cave;0;0;0;0;0;1
104;9;16389;111;AMS;Bone;Unknown;Cave;0;0;0;0;0;1
453;9;8310;130;C14;Charcoal;Unknown;Cave;0;0;0;0;0;1
58;10;10700;380;C14;Bone;Unknown;Cave;0;0;0;0;0;0
105;10;14450;890;C14;Bone;Unknown;Cave;0;0;0;0;0;0
106;10;15170;740;C14;Bone;Unknown;Cave;0;0;0;0;0;0
273;110;7060;80;C14;Shell;Individual;Cave;1;0;-105;21;0;1
57;11;11390;110;AMS;Bone;Individual;Cave ;0;0;0;0;0;1
107;11;13050;100;AMS;Bone;Individual;Cave ;0;0;0;0;0;1
274;111;7080;80;C14;Shell;Individual;Cave;1;0;-105;21;0;1
480;11;6850;210;C14;Charcoal;Aggregated;Cave ;0;0;0;0;0;1
482;11;7000;60;C14;Charcoal;Aggregated;Cave ;0;0;0;0;0;1
840;11;7580;30;C14;Charcoal;Individual;Cave ;0;0;0;0;0;1
842;11;8120;70;C14;Charcoal;Individual;Cave ;0;0;0;0;0;1
877;11;8445;20;C14;Charcoal;Individual;Cave ;0;0;0;0;0;1
882;11;8680;40;C14;Charcoal;Individual;Cave ;0;0;0;0;0;1
63;12;13460;80;C14;Nd;Unknown;Open;0;0;0;0;0;1
38;13;15120;70;AMS;Bone;Individual;Cave;0;0;0;0;0;1
46;13;14630;70;AMS;Bone;Individual;Cave;0;0;0;0;0;1
54;13;13770;70;AMS;Bone;Individual;Cave;0;0;0;0;0;1
0647_0648;13;8908;39;AMS;Bone;Unknown;Cave;0;0;0;0;1;1
6;14;7310;160;AMS;Charcoal;Unknown;Cave;0;0;0;0;0;1
7;15;7735;60;AMS;Bone;Individual;Cave;0;0;0;0;0;1
39;16;15165;160;AMS;Bone;Individual;Cave;0;0;0;0;0;1
47;16;14495;140;AMS;Bone;Individual;Cave;0;0;0;0;0;1
48;16;13755;120;AMS;Bone;Individual;Cave;0;0;0;0;0;1
667;16;14835;130;AMS;Bone;Individual;Cave;0;0;0;0;0;1
669;16;13370;110;AMS;Bone;Individual;Cave;0;0;0;0;0;1
671;16;13310;200;C14;Bone;Individual;Cave;0;0;0;0;0;0
672;16;12869;200;C14;Bone;Aggregated;Cave;0;0;0;0;0;0
674;16;13400;150;C14;Bone;Aggregated;Cave;0;0;0;0;0;0
675;16;13185;155;AMS;Bone;Individual;Cave;0;0;0;0;0;1
676;16;12960;190;AMS;Bone;Individual;Cave;0;0;0;0;0;1
677;16;12595;125;AMS;Bone;Individual;Cave;0;0;0;0;0;1
678;16;12590;120;AMS;Bone;Individual;Cave;0;0;0;0;0;0
0670_0673;16;13645;103;AMS;Bone;Individual;Cave;0;0;0;0;1;1
662;17;15540;70;AMS;Bone_collagen;Unknown;Cave;0;0;0;0;0;1
663;17;15160;70;AMS;Bone_collagen;Unknown;Cave;0;0;0;0;0;1
1001;17;16980;180;AMS;Charcoal;Unknown;Cave;0;0;0;0;0;0
1002;17;19140;230;AMS;Charcoal;Unknown;Cave;0;0;0;0;0;0
1003;17;13900;130;AMS;Charcoal;Unknown;Cave;0;0;0;0;0;0
1004;17;14740;140;AMS;Charcoal;Unknown;Cave;0;0;0;0;0;0
1005;17;13570;130;AMS;Charcoal;Unknown;Cave;0;0;0;0;0;0
1006;17;13520;120;AMS;Charcoal;Unknown;Cave;0;0;0;0;0;0
1007;17;14090;150;AMS;Charcoal;Unknown;Cave;0;0;0;0;0;0
1008;17;13710;140;AMS;Charcoal;Unknown;Cave;0;0;0;0;0;0
1009;17;13510;190;AMS;Acid_Humic_fraction;Unknown;Cave;0;0;0;0;0;0
1010;17;13060;200;AMS;Charcoal;Unknown;Cave;0;0;0;0;0;0
1011;17;13520;130;AMS;Charcoal;Unknown;Cave;0;0;0;0;0;0
1012;17;12620;110;AMS;Charcoal;Unknown;Cave;0;0;0;0;0;0
1013;17;12910;180;AMS;Charcoal;Unknown;Cave;0;0;0;0;0;0
1014;17;10510;100;AMS;Charcoal;Unknown;Cave;0;0;0;0;0;0
1015;17;11270;110;AMS;Charcoal;Unknown;Cave;0;0;0;0;0;0
1016;17;10730;71;AMS;Charcoal;Unknown;Cave;0;0;0;0;0;0
1017;17;10740;100;AMS;Charcoal;Unknown;Cave;0;0;0;0;0;0
1018;17;10310;120;AMS;Bone;Unknown;Cave;0;0;0;0;0;1
1019;17;12390;120;AMS;Bone;Unknown;Cave;0;0;0;0;0;0
1020;17;16850;220;AMS;Bone;Unknown;Cave;0;0;0;0;0;0
1021;17;12390;190;AMS;Acid_Humic_fraction;Unknown;Cave;0;0;0;0;0;0
213;18;15450;160;C14;Bone_collagen;Aggregated;Cave;0;0;0;0;0;1
220;18;15370;80;AMS;Charcoal;Unknown;Cave;0;0;0;0;0;1
221;18;15850;170;C14;Bone_collagen;Unknown;Cave;0;0;0;0;0;1
222;18;17400;270;C14;Bone_collagen;Unknown;Cave;0;0;0;0;0;0
224;18;16320;160;C14;Bone_collagen;Individual;Cave;0;0;0;0;0;1
226;18;16080;40;AMS;Bone;Individual;Cave;0;0;0;0;0;1
227;18;16050;40;AMS;Charcoal;Individual;Cave;0;0;0;0;0;1
228;18;8700;40;AMS;Charcoal;Individual;Cave;0;0;0;0;0;1
229;18;9550;50;AMS;Charcoal;Individual;Cave;0;0;0;0;0;1
231;18;12970;140;AMS;Bone_collagen;Unknown;Cave;0;0;0;0;0;1
232;18;15010;260;C14;Charcoal;Unknown;Cave;0;0;0;0;0;0
233;18;15220;300;AMS;Bone_collagen;Unknown;Cave;0;0;0;0;0;0
235;18;15470;240;C14;Bone_collagen;Unknown;Cave;0;0;0;0;0;0
236;18;15700;190;C14;Charcoal;Unknown;Cave;0;0;0;0;0;1
237;18;10270;50;AMS;Bone_collagen;Individual;Cave;0;0;0;0;0;1
239;18;11950;70;AMS;Bone_collagen;Individual;Cave;0;0;0;0;0;1
243;18;16130;250;C14;Bone_collagen;Individual;Cave;0;0;0;0;0;0
245;18;16370;190;C14;Bone_collagen;Unknown;Cave;0;0;0;0;0;0
246;18;15530;230;C14;Bone_collagen;Unknown;Cave;0;0;0;0;0;0
248;18;13800;840;C14;Bone_collagen;Unknown;Cave;0;0;0;0;0;0
249;18;15220;100;AMS;Bone_collagen;Unknown;Cave;0;0;0;0;0;0
251;18;17050;60;AMS;Charcoal;Unknown;Cave;0;0;0;0;0;1
252;18;16960;80;AMS;Charcoal;Unknown;Cave;0;0;0;0;0;1
309;18;8380;175;C14;Charcoal;Aggregated;Cave;0;0;0;0;0;1
908;18;11205;55;AMS;Bone_collagen;Individual;Cave;0;0;0;0;0;1
911;18;13490;40;AMS;Bone_collagen;Unknown;Cave;0;0;0;0;0;1
913;18;14120;35;AMS;Tooth_collagen;Individual;Cave;0;0;0;0;0;1
920;18;17620;40;AMS;Bone_collagen;Unknown;Cave;0;0;0;0;0;1
921;18;19230;50;AMS;Charcoal;Unknown;Cave;0;0;0;0;0;0
0219_0253_0241_0912_0914_0915;18;14722;29;C14;Bone_Charcoal;Unknown;Cave;0;0;0;0;1;1
0238_0907_0230;18;11712;36;AMS;Bone_collagen;Individual;Cave;0;0;0;0;1;1
0240_0223;18;13685;50;AMS;Bone_collagen;Individual;Cave;0;0;0;0;1;1
0242_0909;18;14884;46;AMS;Charcoal_Bone;Individual;Cave;0;0;0;0;1;1
0247_0916_0225_0864;18;16541;41;AMS;Bone_collagen;Unknown;Cave;0;0;0;0;1;1
0910_0925_0923;18;15697;27;AMS;Bone_collagen_Charcoal;Individual;Cave;0;0;0;0;1;1
0917_0924;18;15453;36;AMS;Bone_collagen;Unknown;Cave;0;0;0;0;1;1
0919_0918_0250;18;17254;27;AMS;Bone_collagen_Charcoal;Unknown;Cave;0;0;0;0;1;1
0922_0234;18;15128;38;AMS;Charcoal_Bone;Individual;Cave;0;0;0;0;1;1
40;19;14865;140;AMS;Bone;Unknown;Cave;0;0;0;0;0;1
49;19;17025;95;AMS;Bone;Unknown;Cave;0;0;0;0;0;1
15;20;9360;140;C14;Charcoal;Unknown;Shelter;0;0;0;0;0;1
16;20;9715;75;C14;Charcoal;Unknown;Shelter;0;0;0;0;0;1
28;20;11015;45;AMS;Bone;Unknown;Shelter;0;0;0;0;0;1
45;20;14440;70;AMS;Bone;Unknown;Shelter;0;0;0;0;0;1
148;20;12010;60;AMS;Bone;Unknown;Shelter;0;0;0;0;0;1
149;20;12440;50;AMS;Bone;Unknown;Shelter;0;0;0;0;0;1
150;20;12620;360;C14;Bone;Aggregated;Shelter;0;0;0;0;0;0
151;20;12600;60;AMS;Bone;Individual;Shelter;0;0;0;0;0;1
152;20;13010;320;C14;Bone;Aggregated;Shelter;0;0;0;0;0;0
1041;20;12150;50;AMS;Bone;Individual;Shelter;0;0;0;0;0;1
50_41;21;14957;64;AMS;Charcoal;Unknown;Shelter;0;0;0;0;1;1
296;22;14410;70;AMS;Bone;Unknown;Cave;0;0;0;0;0;1
42;23;15370;110;C14;Charcoal;Unknown;Shelter;0;0;0;0;0;1
43;24;14000;100;AMS;Tooth;Individual;Shelter;0;0;0;0;0;1
44;25;17700;70;AMS;Bone;Unknown;Cave;0;0;0;0;0;1
51;25;18090;90;AMS;Charcoal;Unknown;Cave;0;0;0;0;0;1
52;25;18260;130;AMS;Charcoal;Unknown;Cave;0;0;0;0;0;0
53;25;18650;140;AMS;Charcoal;Unknown;Cave;0;0;0;0;0;0
11;26;9650;150;C14;Bone;Unknown;Shelter;0;0;0;0;0;1
13;26;9820;150;C14;Bone;Unknown;Shelter;0;0;0;0;0;1
134;26;12070;60;AMS;Bone;Unknown;Shelter;0;0;0;0;0;1
135;26;12200;90;AMS;Bone;Unknown;Shelter;0;0;0;0;0;1
136;26;11730;80;AMS;Bone;Unknown;Shelter;0;0;0;0;0;0
137;26;12540;80;AMS;Bone;Unknown;Shelter;0;0;0;0;0;1
540;26;7340;50;AMS;Bone_collagen;Aggregated;Shelter;0;0;0;0;0;1
541;26;6940;40;AMS;Bone_collagen;Aggregated;Shelter;0;0;0;0;0;1
594;26;8030;50;AMS;Bone_collagen;Unknown;Shelter;0;0;0;0;0;1
595;26;8510;80;AMS;Bone_collagen;Unknown;Shelter;0;0;0;0;0;1
596;26;8840;50;AMS;Bone_collagen;Unknown;Shelter;0;0;0;0;0;1
606;26;8760;50;AMS;Bone_collagen;Unknown;Shelter;0;0;0;0;0;1
875;26;7480;50;AMS;Bone_collagen;Individual;Shelter;0;0;0;0;0;1
0008_0009_0010_0012;26;9482;35;AMS;Bone;Individual;Shelter;0;0;0;0;1;1
0119_0129_0130_0131;26;11726;43;AMS;Bone;Unknown;Shelter;0;0;0;0;1;1
0132_0133;26;11934;124;C14;Bone;Aggregated;Shelter;0;0;0;0;1;1
0592_0593;26;7818;32;AMS;Bone_collagen;Unknown;Shelter;0;0;0;0;1;1
22;27;11480;270;C14;Bone;Aggregated;Cave;0;0;0;0;0;0
23;27;11620;360;C14;Bone;Aggregated;Cave;0;0;0;0;0;0
24;27;11840;240;C14;Bone;Aggregated;Cave;0;0;0;0;0;0
115;27;12205;90;C14;Bone;Aggregated;Cave;0;0;0;0;0;1
1102;27;8260;550;C14;Charcoal;Aggregated;Cave;0;0;0;0;0;0
1103;27;8150;170;C14;Charcoal;Aggregated;Cave;0;0;0;0;0;1
14;28;9530;300;C14;Bone;Aggregated;Cave;0;0;0;0;0;0
111;28;13500;160;AMS;Bone;Unknown;Cave;0;0;0;0;0;1
138;28;11760;90;AMS;Charcoal;Unknown;Cave;0;0;0;0;0;1
0139_0140;28;12281;43;AMS;Harpoon;Unknown;Cave;0;0;0;0;1;1
27;29;10760;60;AMS;Charcoal;Unknown;Shelter;0;0;0;0;0;1
116;29;11240;60;AMS;Charcoal;Unknown;Shelter;0;0;0;0;0;1
145;29;12500;90;AMS;Charcoal;Unknown;Shelter;0;0;0;0;0;1
580;29;8800;60;AMS;Charcoal;Unknown;Shelter;0;0;0;0;0;1
141_142;29;11711;43;AMS;Charcoal;Unknown;Shelter;0;0;0;0;1;1
143_144;29;12031;49;AMS;Charcoal;Unknown;Shelter;0;0;0;0;1;1
578_579;29;8221;39;AMS;Charcoal;Unknown;Shelter;0;0;0;0;1;1
117;30;12020;350;C14;Charcoal;Unknown;Cave;0;0;0;0;0;0
146;30;12660;70;C14;Bone;Aggregated;Cave;0;0;0;0;0;1
147;30;12950;70;C14;Bone;Aggregated;Cave;0;0;0;0;0;1
169;31;8040;40;AMS;Bone;Individual;Shelter;0;0;0;0;0;1
172;31;11060;70;AMS;Charcoal;Individual;Shelter;0;0;0;0;0;1
176;31;11230;50;AMS;Charcoal;Individual;Shelter;0;0;0;0;0;1
177;31;11440;60;AMS;Charcoal;Individual;Shelter;0;0;0;0;0;1
178;31;10940;50;AMS;Charcoal;Individual;Shelter;0;0;0;0;0;1
182;31;12510;100;C14;Charcoal;Individual;Shelter;0;0;0;0;0;1
170_173_174_171;31;10907;28;AMS;Charcoal;Individual;Shelter;0;0;0;0;1;1
175_932;31;11053;39;AMS;Charcoal;Individual;Shelter;0;0;0;0;1;1
179_180;31;11785;36;AMS;Charcoal;Individual;Shelter;0;0;0;0;1;1
181_933;31;11892;45;AMS;Charcoal_Bone;Individual;Shelter;0;0;0;0;1;1
895;32;12250;60;AMS;Charcoal;Individual;Shelter;0;0;0;0;0;1
897_896;32;11813;32;AMS;Charcoal;Individual;Shelter;0;0;0;0;1;1
67;33;10200;80;C14;Bone;Unknown;Shelter;0;0;0;0;0;1
110;33;10950;120;C14;Charcoal;Unknown;Shelter;0;0;0;0;0;1
898;33;12490;120;AMS;Charcoal;Unknown;Shelter;0;0;0;0;0;1
899;33;12150;120;AMS;Charcoal;Unknown;Shelter;0;0;0;0;0;1
1165;34;8460;50;AMS;Charcoal;Individual;Open;0;0;0;0;0;1
1162_1163_1164;34;8275;27;AMS;Charcoal;Individual;Open;0;0;0;0;1;1
190;35;15550;140;AMS;Charcoal;Unknown;Open;0;0;0;0;0;1
191;35;15440;80;AMS;Tooth;Individual;Open;0;0;0;0;0;1
192;35;16900;110;AMS;Bone;Unknown;Open;0;0;0;0;0;1
118;36;11460;230;C14;Charcoal;Individual;Shelter;0;0;0;0;0;0
154;36;12180;50;AMS;Charcoal;Individual;Shelter;0;0;0;0;0;1
577;36;9410;60;AMS;Charcoal;Individual;Shelter;0;0;0;0;0;1
876;36;8970;430;C14;Charcoal;Individual;Shelter;0;0;0;0;0;0
955;36;12310;40;AMS;Charcoal;Unknown;Shelter;0;0;0;0;0;1
957;36;10940;50;AMS;Seed;Individual;Shelter;0;0;0;0;0;1
958;36;10195;255;AMS;Bone_collagen;Individual;Shelter;0;0;0;0;0;0
1022;36;9840;50;AMS;Seed;Individual;Shelter;0;0;0;0;0;1
1024;36;8180;50;AMS;Bone_collagen;Individual;Shelter;0;0;0;0;0;1
1025;36;7320;40;AMS;Bone_collagen;Individual;Shelter;0;0;0;0;0;1
0576_1023;36;8660;36;AMS;Charcoal_seed;Individual;Shelter;0;0;0;0;1;1
956_959;36;11109;40;AMS;Charcoal_Bone_collagen;Individual;Shelter;0;0;0;0;1;1
34;37;9940;490;C14;Bone;Aggregated;Open;0;0;0;0;0;0
35;38;10240;100;AMS;Bone;Individual;Cave;0;0;0;0;0;1
0269_0777;38;6947;55;AMS;Bone;Individual;Cave;0;0;0;0;1;1
114;39;8500;60;AMS;Bone;Aggregated;Shelter;0;0;0;0;0;0
542;39;7620;50;C14;Bone_collagen;Aggregated;Shelter;0;0;0;0;0;1
581;39;7780;40;AMS;Bone_collagen;Aggregated;Shelter;0;0;0;0;0;1
582;39;7810;50;AMS;Bone_collagen;Aggregated;Shelter;0;0;0;0;0;1
17;40;11550;130;AMS;Bone;Aggregated;Cave;0;0;0;0;0;1
18;41;10370;90;C14;Bone;Aggregated;Shelter;0;0;0;0;0;1
19;42;10160;130;C14;Charcoal;Unknown;Shelter;0;0;0;0;0;1
25;42;10430;190;C14;Charcoal;Unknown;Shelter;0;0;0;0;0;1
26;42;10630;100;C14;Charcoal;Unknown;Shelter;0;0;0;0;0;1
585;42;8340;110;C14;Charcoal;Unknown;Shelter;0;0;0;0;0;1
586;42;8780;110;C14;Charcoal;Unknown;Shelter;0;0;0;0;0;1
1042;42;7660;90;C14;Charcoal;Unknown;Shelter;0;0;0;0;0;1
583_584;42;8000;60;C14;Charcoal;Unknown;Shelter;0;0;0;0;1;1
20;43;10760;140;C14;Charcoal;Unknown;Shelter;0;0;0;0;0;1
120;44;12240;110;AMS;Nd;Unknown;Shelter;0;0;0;0;0;0
153;44;10260;90;AMS;Charcoal;Unknown;Shelter;0;0;0;0;0;1
1027;44;9864;400;C14;Charcoal;Unknown;Shelter;0;0;0;0;0;0
1028;44;8930;140;C14;Charcoal;Unknown;Shelter;0;0;0;0;0;1
1029;44;11170;160;C14;Nd;Unknown;Shelter;0;0;0;0;0;1
954_1026;44;10040;114;C14;Charcoal;Unknown;Shelter;0;0;0;0;1;1
68;45;12830;80;AMS;Bone;Unknown;Shelter;0;0;0;0;0;1
109;45;13080;90;AMS;Bone;Unknown;Shelter;0;0;0;0;0;1
209;46;13660;50;AMS;Charcoal;Individual;Shelter;0;0;0;0;0;1
210;46;14760;70;AMS;Charcoal;Individual;Shelter;0;0;0;0;0;1
211;46;15120;70;AMS;Charcoal;Individual;Shelter;0;0;0;0;0;1
212;46;16800;80;AMS;Charcoal;Individual;Shelter;0;0;0;0;0;1
194;47;14300;150;C14;Charcoal;Individual;Cave;0;0;0;0;0;0
195;47;13070;140;C14;Charcoal;Individual;Cave;0;0;0;0;0;0
196;47;13890;130;C14;Charcoal;Individual;Cave;0;0;0;0;0;0
199;47;12560;130;AMS;Charcoal;Individual;Cave;0;0;0;0;0;0
204;47;12900;130;C14;Bone;Individual;Cave;0;0;0;0;0;0
205;47;13950;150;C14;Bone;Individual;Cave;0;0;0;0;0;0
705;47;13720;140;C14;Charcoal;Individual;Cave;0;0;0;0;0;0
941;47;11430;60;AMS;Charcoal;Individual;Cave;0;0;0;0;0;1
942;47;11270;90;AMS;Charcoal;Individual;Cave;0;0;0;0;0;1
943;47;10190;100;AMS;Charcoal;Individual;Cave;0;0;0;0;0;1
944;47;10930;100;AMS;Charcoal;Individual;Cave;0;0;0;0;0;1
945;47;10770;110;AMS;Charcoal;Individual;Cave;0;0;0;0;0;0
946;47;10420;110;AMS;Charcoal;Individual;Cave;0;0;0;0;0;0
197_202;47;12533;43;AMS;Charcoal;Individual;Cave;0;0;0;0;1;1
201_200_203_198;47;13063;27;AMS;Charcoal;Individual;Cave;0;0;0;0;1;1
183;48;7979;60;AMS;Charcoal;Individual;Shelter;0;0;0;0;0;1
184;48;8860;95;AMS;Charcoal;Individual;Shelter;0;0;0;0;0;1
185;48;8230;40;AMS;Charcoal;Individual;Shelter;0;0;0;0;0;1
186;48;10370;100;AMS;Charcoal;Individual;Shelter;0;0;0;0;0;1
187;48;10660;120;AMS;Charcoal;Individual;Shelter;0;0;0;0;0;1
188;48;11230;100;AMS;Charcoal;Individual;Shelter;0;0;0;0;0;1
189;48;11135;80;AMS;Charcoal;Individual;Shelter;0;0;0;0;0;1
642;49;9760;160;C14;Charcoal;Aggregated;Shelter;0;0;0;0;0;0
611;50;11055;90;C14;Charcoal;Unknown;Shelter;0;0;0;0;0;1
612;50;10900;90;C14;Bone;Unknown;Shelter;0;0;0;0;0;1
947;50;9570;50;AMS;Bone;Unknown;Shelter;0;0;0;0;0;1
614_613;50;9255;62;C14;Bone_collagen;Unknown;Shelter;0;0;0;0;1;1
609;51;10920;240;C14;Charcoal;Aggregated;Shelter;0;0;0;0;0;0
597;52;8150;90;AMS;Charcoal;Unknown;Cave;0;0;0;0;0;1
598;52;8515;50;AMS;Charcoal;Unknown;Cave;0;0;0;0;0;1
599;52;9460;190;C14;Charcoal;Unknown;Cave;0;0;0;0;0;1
600;52;10020;80;C14;Bone_collagen;Unknown;Cave;0;0;0;0;0;1
601;52;9988;97;C14;Charcoal;Unknown;Cave;0;0;0;0;0;1
602;52;9130;230;C14;Charcoal;Unknown;Cave;0;0;0;0;0;0
603;52;9830;160;C14;Charcoal;Unknown;Cave;0;0;0;0;0;1
605_604;52;10946;41;AMS;Charcoal;Unknown;Cave;0;0;0;0;1;1
625;53;12390;190;C14;Charcoal;Unknown;Cave;0;0;0;0;0;1
627;53;11590;150;C14;Charcoal;Unknown;Cave;0;0;0;0;0;1
628;53;11570;210;C14;Charcoal;Unknown;Cave;0;0;0;0;0;0
629;53;11410;610;C14;Charcoal;Unknown;Cave;0;0;0;0;0;0
631;54;12130;100;C14;Bone_collagen;Unknown;Cave;0;0;0;0;0;1
632;54;10920;100;AMS;Charcoal;Unknown;Cave;0;0;0;0;0;1
633;54;11630;110;AMS;Charcoal;Unknown;Cave;0;0;0;0;0;0
634;54;10700;110;AMS;Charcoal;Unknown;Cave;0;0;0;0;0;0
635;54;10750;170;AMS;Charcoal;Unknown;Cave;0;0;0;0;0;0
636;54;11830;240;AMS;Charcoal;Unknown;Cave;0;0;0;0;0;0
637;54;12130;100;AMS;Charcoal;Unknown;Cave;0;0;0;0;0;1
638;54;11340;50;AMS;Charcoal;Unknown;Cave;0;0;0;0;0;0
639;54;10320;40;AMS;Charcoal;Unknown;Cave;0;0;0;0;0;0
640;54;8800;200;C14;Charcoal;Unknown;Cave;0;0;0;0;0;1
878;54;10350;40;AMS;Charcoal;Unknown;Cave;0;0;0;0;0;1
879;54;9460;160;C14;Charcoal;Unknown;Cave;0;0;0;0;0;1
1107;54;10989;137;AMS;Bone_collagen;Individual;Cave;0;0;0;0;0;1
929;55;11350;70;AMS;Charcoal;Individual;Shelter;0;0;0;0;0;1
926;56;9030;40;AMS;Charcoal;Unknown;Cave;0;0;0;0;0;1
927;56;10860;40;AMS;Charcoal;Unknown;Cave;0;0;0;0;0;1
928;56;10320;40;AMS;Charcoal;Unknown;Cave;0;0;0;0;0;1
607;57;10740;130;C14;Charcoal;Unknown;Cave;0;0;0;0;0;1
608;57;7290;50;AMS;Charcoal;Unknown;Cave;0;0;0;0;0;1
940;58;10520;60;AMS;Charcoal;Individual;Shelter;0;0;0;0;0;1
630;59;9850;80;C14;Charcoal;Unknown;Cave;0;0;0;0;0;1
622;60;10370;105;C14;Charcoal;Unknown;Cave;0;0;0;0;0;1
623;62;11880;70;AMS;Sediment;Aggregated;Cave;0;0;0;0;0;0
624;62;10980;60;AMS;Sediment;Aggregated;Cave;0;0;0;0;0;0
385;63;8050;120;C14;Charcoal;Unknown;Shelter;0;0;0;0;0;1
386;63;8350;120;C14;Charcoal;Unknown;Shelter;0;0;0;0;0;1
387;63;8530;90;C14;Charcoal;Unknown;Shelter;0;0;0;0;0;1
388;63;9150;100;C14;Charcoal;Unknown;Shelter;0;0;0;0;0;1
616;63;12800;40;AMS;Charcoal;Unknown;Shelter;0;0;0;0;0;1
617;63;12640;190;C14;Charcoal;Unknown;Shelter;0;0;0;0;0;1
626;63;13690;50;AMS;Charcoal;Unknown;Shelter;0;0;0;0;0;1
837;63;13360;110;AMS;Charcoal;Unknown;Shelter;0;0;0;0;0;1
1038;63;11820;40;AMS;Charcoal;Unknown;Shelter;0;0;0;0;0;1
1039;63;12390;250;C14;Charcoal;Unknown;Shelter;0;0;0;0;0;0
1040;63;12480;210;C14;Charcoal;Unknown;Shelter;0;0;0;0;0;0
383_384;63;7610;43;C14;Bone;Unknown;Shelter;0;0;0;0;1;1
615_637;63;13254;38;AMS;Charcoal;Unknown;Shelter;0;0;0;0;1;1
619_618;63;12300;29;AMS;Charcoal;Unknown;Shelter;0;0;0;0;1;1
805_666;63;13541;38;AMS;Charcoal;Unknown;Shelter;0;0;0;0;1;1
163;64;8810;50;AMS;Bone;Individual;Cave;0;0;0;0;0;1
164;64;9370;40;AMS;Seed;Individual;Cave;0;0;0;0;0;1
165;64;9760;40;C14;Charcoal;Aggregated;Cave;0;0;0;0;0;1
166;64;9220;40;AMS;Bone;Individual;Cave;0;0;0;0;0;1
167;64;9820;40;AMS;Charcoal;Individual;Cave;0;0;0;0;0;1
168;64;11590;70;AMS;Bone;Individual;Cave;0;0;0;0;0;1
193;64;8690;50;AMS;Bone;Individual;Cave;0;0;0;0;0;1
621;64;11920;40;AMS;Bone_collagen;Individual;Cave;0;0;0;0;0;1
1030;64;11020;140;C14;Charcoal;Aggregated;Cave;0;0;0;0;0;1
1031;64;14310;190;C14;Charcoal;Aggregated;Cave;0;0;0;0;0;1
1032;64;11620;150;C14;Charcoal;Aggregated;Cave;0;0;0;0;0;1
162;64;8283;37;AMS;Bone;Individual;Cave;0.25;0;0;0;0;1
206;65;13840;85;C14;Charcoal;Aggregated;Cave;0;0;0;0;0;0
207;65;12650;80;C14;Charcoal;Aggregated;Cave;0;0;0;0;0;0
208;65;12470;100;AMS;Charcoal;Individual;Cave;0;0;0;0;0;1
1036;65;13120;60;AMS;Charcoal;Individual;Cave;0;0;0;0;0;1
1037;65;13320;170;AMS;Charcoal;Aggregated;Cave;0;0;0;0;0;0
1108;65;13690;120;AMS;Charcoal;Individual;Cave;0;0;0;0;0;1
1035_1034_1033_1109;65;13286;26;AMS;Charcoal;Individual;Cave;0;0;0;0;1;1
610;66;10780;370;C14;Bone;Aggregated;Cave;0;0;0;0;0;0
358;67;10600;90;AMS;Shell;Individual;Cave;0;0;0;0;0;0
359;67;10700;120;AMS;Shell;Individual;Cave;0;0;0;0;0;0
361;67;11090;110;AMS;Shell;Individual;Cave;0;0;0;0;0;0
355;67;7240;80;C14;Charcoal;Unknown;Cave;0;0;0;0;0;1
357;67;10450;110;AMS;Charcoal;Unknown;Cave;0;0;0;0;0;1
366;67;10040;40;AMS;Bone;Individual;Cave;0;0;0;0;0;1
370;67;10580;350;C14;Charcoal;Unknown;Cave;0;0;0;0;0;0
371;67;13780;340;C14;Charcoal;Unknown;Cave;0;0;0;0;0;0
374;67;12270;220;C14;Charcoal;Unknown;Cave;0;0;0;0;0;0
375;67;13330;270;C14;Charcoal;Unknown;Cave;0;0;0;0;0;0
356_367;67;7618;37;AMS;Charcoal;Unknown;Cave;0;0;0;0;1;1
360_368;67;10887;48;AMS;Charcoal;Unknown;Cave;0;0;0;0;1;1
363_373_364_365;67;12094;62;C14;Charcoal;Unknown;Cave;0;0;0;0;1;1
369_372_362;67;11819;39;AMS;Charcoal;Individual;Cave;0;0;0;0;1;1
620;68;12255;100;AMS;Charcoal;Individual;Cave;0;0;0;0;0;1
3;69;6980;50;AMS;Nd;Unknown;Cave;0;0;0;0;0;1
5;69;7030;50;AMS;Nd;Unknown;Cave;0;0;0;0;0;1
4;70;7790;120;C14;Bone_collagen;Individual;Cave;0;0;0;0;0;1
244;70;7080;40;AMS;Bone_collagen;Individual;Cave;0;0;0;0;0;1
37;71;7990;40;AMS;Charcoal;Unknown;Cave;0;0;0;0;0;1
69;71;16980;80;AMS;Bone;Unknown;Cave;0;0;0;0;0;1
30;72;9950;40;AMS;Charcoal;Unknown;Shelter;0;0;0;0;0;0
32;72;11700;70;C14;Sediment;Unknown;Shelter;0;0;0;0;0;1
112;72;14200;50;AMS;Charcoal;Unknown;Shelter;0;0;0;0;0;1
113;72;14450;80;AMS;Charcoal;Unknown;Shelter;0;0;0;0;0;1
157;72;12440;50;AMS;Charcoal;Unknown;Shelter;0;0;0;0;0;1
159;72;12260;50;AMS;Charcoal;Unknown;Shelter;0;0;0;0;0;0
1189;72;10640;60;AMS;Charcoal;Unknown;Shelter;0;0;0;0;0;1
1190;72;11330;50;AMS;Charcoal;Unknown;Shelter;0;0;0;0;0;1
1191;72;12220;50;AMS;Charcoal;Unknown;Shelter;0;0;0;0;0;0
1192;72;12400;50;AMS;Charcoal;Unknown;Shelter;0;0;0;0;0;0
1194;72;12900;60;AMS;Charcoal;Unknown;Shelter;0;0;0;0;0;0
1195;72;12530;60;AMS;Charcoal;Unknown;Shelter;0;0;0;0;0;1
1196;72;14410;60;AMS;Charcoal;Unknown;Shelter;0;0;0;0;0;0
155_156;72;12305;32;AMS;Charcoal;Unknown;Shelter;0;0;0;0;1;1
158_1193;72;12167;32;AMS;Charcoal;Unknown;Shelter;0;0;0;0;1;1
29_21;72;11136;36;AMS;Charcoal;Unknown;Shelter;0;0;0;0;1;1
31_33;72;11514;61;AMS;Charcoal;Unknown;Shelter;0;0;0;0;1;1
790;73;8470;70;AMS;Sediment;Aggregated;Open;0;0;0;0;0;0
791;73;8920;70;AMS;Charcoal;Individual;Open;0;0;0;0;0;1
792;73;8710;40;AMS;Charcoal;Individual;Open;0;0;0;0;0;1
802;74;12930;470;C14;Nd;Aggregated;Shelter;0;0;0;0;0;0
803;74;14000;520;C14;Nd;Aggregated;Shelter;0;0;0;0;0;0
844;75;32270;170;AMS;Shell;Individual;Shelter;0;0;0;0;0;0
804;75;14380;90;AMS;Nd;Unknown;Shelter;0;0;0;0;0;0
838;75;13240;55;AMS;Charcoal;Individual;Shelter;0;0;0;0;0;1
847;75;13790;50;AMS;Charcoal;Individual;Shelter;0;0;0;0;0;0
849;75;13410;55;AMS;Bone;Individual;Shelter;0;0;0;0;0;0
850;75;14515;55;AMS;Charcoal;Individual;Shelter;0;0;0;0;0;1
851;75;14845;55;AMS;Charcoal;Individual;Shelter;0;0;0;0;0;0
852;75;14635;55;AMS;Charcoal;Individual;Shelter;0;0;0;0;0;1
853;75;14840;50;AMS;Charcoal;Individual;Shelter;0;0;0;0;0;0
854;75;14500;60;AMS;Charcoal;Individual;Shelter;0;0;0;0;0;0
855;75;14660;60;AMS;Charcoal;Individual;Shelter;0;0;0;0;0;1
856;75;14530;50;AMS;Charcoal;Individual;Shelter;0;0;0;0;0;0
857;75;14595;55;AMS;Charcoal;Individual;Shelter;0;0;0;0;0;0
858;75;14690;80;AMS;Charcoal;Individual;Shelter;0;0;0;0;0;1
859;75;14830;50;AMS;Charcoal;Individual;Shelter;0;0;0;0;0;1
860;75;13540;60;AMS;Bone;Individual;Shelter;0;0;0;0;0;0
861;75;210;40;AMS;Charcoal;Individual;Shelter;0;0;0;0;0;0
862;75;13480;50;AMS;Bone;Individual;Shelter;0;0;0;0;0;0
863;75;14960;60;AMS;Charcoal;Individual;Shelter;0;0;0;0;0;1
839_848;75;14507;37;AMS;Charcoal;Individual;Shelter;0;0;0;0;1;1
84;76;14250;90;AMS;Charcoal;Unknown;Cave;0;0;0;0;0;1
810;77;13870;80;AMS;Charcoal;Unknown;Cave;0;0;0;0;0;1
811;77;10880;80;AMS;Charcoal;Unknown;Cave;0;0;0;0;0;1
813;77;12640;100;AMS;Charcoal;Unknown;Cave;0;0;0;0;0;1
812_814;77;12500;71;AMS;Charcoal;Unknown;Cave;0;0;0;0;1;1
806;78;7475;80;AMS;Charcoal;Unknown;Cave;0;0;0;0;0;1
807;78;7325;65;AMS;Charcoal;Unknown;Cave;0;0;0;0;0;1
815;79;17840;90;AMS;Charcoal;Individual;Cave;0;0;0;0;0;1
816;79;17930;90;AMS;Charcoal;Individual;Cave;0;0;0;0;0;1
281;108;7450;120;C14;Shell;Individual;Cave;1;0;-105;21;0;1
282;114;7500;70;C14;Shell;Individual;Cave;1;0;-105;21;0;1
278;80;7165;65;AMS;Bone;Individual;Cave;0;0;0;0;0;1
285;115;7540;100;C14;Shell;Individual;Cave;1;0;-105;21;0;1
286;115;7580;60;C14;Shell;Individual;Cave;1;0;-105;21;0;1
719;80;12070;100;C14;Bone;Unknown;Cave;0;0;0;0;0;1
1072;80;15300;1100;AMS;Bone;Individual;Cave;0;0;0;0;0;0
1079;80;13410;120;AMS;Bone;Individual;Cave;0;0;0;0;0;1
1198;80;12420;180;AMS;Bone;Unknown;Cave;0;0;0;0;0;1
1199;80;12427;62;AMS;Charcoal;Unknown;Cave;0;0;0;0;0;1
0290_0293;80;7694;53;AMS;Bone;Individual;Cave;0;0;0;0;1;1
0865_0268;80;6895;36;AMS;Bone;Unknown;Cave;0;0;0;0;1;1
1070_1073;80;14054;56;AMS;Bone;Individual;Cave;0;0;0;0;1;1
1071_1074_1075_1076;80;13863;32;AMS;Charcoal;Individual;Cave;0;0;0;0;1;1
1077_1078;80;13680;58;AMS;Charcoal;Individual;Cave;0;0;0;0;1;1
794;81;10950;100;AMS;Charcoal;Unknown;Cave;0;0;0;0;0;0
795;81;10980;160;AMS;Humic_fraction;Unknown;Cave;0;0;0;0;0;0
796;81;11130;100;AMS;Charcoal;Unknown;Cave;0;0;0;0;0;0
797;81;11470;110;AMS;Charcoal;Unknown;Cave;0;0;0;0;0;0
798;81;11540;100;AMS;Charcoal;Unknown;Cave;0;0;0;0;0;0
799;81;15600;230;C14;Charcoal;Unknown;Cave;0;0;0;0;0;0
121;83;12990;60;AMS;Charcoal;Unknown;Cave;0;0;0;0;0;0
399;83;12840;70;AMS;Bone;Unknown;Cave;0;0;0;0;0;1
400;83;12340;40;AMS;Bone;Unknown;Cave;0;0;0;0;0;1
401;83;13230;60;AMS;Bone;Unknown;Cave;0;0;0;0;0;1
936;83;14000;60;AMS;Bone;Unknown;Cave;0;0;0;0;0;1
937;83;15710;60;AMS;Bone;Unknown;Cave;0;0;0;0;0;1
938;83;16440;70;AMS;Bone;Unknown;Cave;0;0;0;0;0;1
1;84;11800;200;C14;Charcoal;Unknown;Cave;0;0;0;0;0;1
108;84;11670;200;C14;Charcoal;Unknown;Cave;0;0;0;0;0;1
720;84;9440;90;C14;Charcoal;Unknown;Cave;0;0;0;0;0;1
288;108;7570;140;C14;Shell;Individual;Cave;1;0;-105;21;0;1
289;110;7680;50;C14;Shell;Individual;Cave;1;0;-105;21;0;1
124;85;12620;300;C14;Nd;Unknown;Cave;0;0;0;0;0;0
125;85;12360;670;C14;Nd;Unknown;Cave;0;0;0;0;0;0
262;85;6500;200;C14;Charcoal;Unknown;Cave;0;0;0;0;0;1
291;117;7690;130;C14;Shell;Unknown;Cave;1;0;-105;21;0;1
294;119;7705;50;C14;Shell;Individual;Cave;1;0;-105;21;0;1
295;120;7780;130;AMS;Shell;Unknown;Shelter;1;0;-105;21;0;1
561;85;8650;300;C14;Charcoal;Unknown;Cave;0;0;0;0;0;0
1060;85;16420;430;C14;Nd;Unknown;Cave;0;0;0;0;0;0
1061;85;15520;350;C14;Nd;Unknown;Cave;0;0;0;0;0;0
1062;85;15230;300;C14;Nd;Unknown;Cave;0;0;0;0;0;0
126;86;12860;130;AMS;Bone;Unknown;Cave;0;0;0;0;0;1
127;86;12750;130;AMS;Bone;Unknown;Cave;0;0;0;0;0;1
128;86;11990;140;AMS;Bone;Unknown;Cave;0;0;0;0;0;1
1068;86;14600;160;C14;Bone;Unknown;Cave;0;0;0;0;0;1
122;87;13520;110;AMS;Bone;Individual;Cave;0;0;0;0;0;1
123;87;12850;90;AMS;Bone;Individual;Cave;0;0;0;0;0;1
965;87;15180;300;C14;Shell;Aggregated;Cave;0;0;-117;70;0;0
966;87;15400;300;C14;Shell;Aggregated;Cave;0;0;-117;70;0;0
311;87;8470;50;AMS;Tooth;Individual;Cave;0;0;0;0;0;1
960;87;11830;50;AMS;Bone;Aggregated;Cave;0;0;0;0;0;1
961;87;9900;60;AMS;Calcareous_crust;Individual;Cave;0;0;0;0;0;0
962;87;12330;80;AMS;Charcoal;Individual;Cave;0;0;0;0;0;1
963;87;14220;180;C14;Charcoal;Individual;Cave;0;0;0;0;0;0
964;87;14250;300;C14;Charcoal;Individual;Cave;0;0;0;0;0;0
970;87;13520;220;C14;Bone;Aggregated;Cave;0;0;0;0;0;0
971;87;13870;220;C14;Bone;Aggregated;Cave;0;0;0;0;0;0
972;87;14680;110;AMS;Bone;Individual;Cave;0;0;0;0;0;1
976;87;13320;120;AMS;Charcoal;Individual;Cave;0;0;0;0;0;0
977;87;13210;200;AMS;Charcoal;Individual;Cave;0;0;0;0;0;0
978;87;9940;90;AMS;Charcoal;Individual;Cave;0;0;0;0;0;0
979;87;11610;50;AMS;Charcoal;Individual;Cave;0;0;0;0;0;0
980;87;12180;110;AMS;Charcoal;Individual;Cave;0;0;0;0;0;0
981;87;12490;110;AMS;Charcoal;Individual;Cave;0;0;0;0;0;0
982;87;15160;230;AMS;Acid_Humic_fraction;Individual;Cave;0;0;0;0;0;0
983;87;13710;200;AMS;Charcoal;Individual;Cave;0;0;0;0;0;0
984;87;9650;100;AMS;Charcoal;Individual;Cave;0;0;0;0;0;0
985;87;7440;60;AMS;Charcoal;Individual;Cave;0;0;0;0;0;0
986;87;14230;130;AMS;Acid_Humic_fraction;Individual;Cave;0;0;0;0;0;0
987;87;11140;80;AMS;Charcoal;Individual;Cave;0;0;0;0;0;0
988;87;7910;80;AMS;Charcoal;Individual;Cave;0;0;0;0;0;0
989;87;15200;412;C14;Charcoal;Individual;Cave;0;0;0;0;0;0
990;87;15656;412;C14;Charcoal;Individual;Cave;0;0;0;0;0;0
991;87;14890;410;C14;Bone;Aggregated;Cave;0;0;0;0;0;0
992;87;14350;300;C14;Charcoal;Individual;Cave;0;0;0;0;0;0
993;87;12890;530;C14;Bone;Aggregated;Cave;0;0;0;0;0;0
0968_0969;87;14490;74;AMS;Bone;Individual;Cave;0;0;0;0;1;1
0973_0974;87;14924;60;C14;Charcoal;Individual;Cave;0;0;0;0;1;1
2;88;11700;180;C14;Bone;Aggregated;Cave;0;0;0;0;0;1
523;88;11800;330;C14;Bone;Aggregated;Cave;0;0;0;0;0;0
397;89;6790;30;AMS;Bone;Individual;Cave;0;0;0;0;0;1
398;89;7640;30;AMS;Charcoal;Individual;Cave;0;0;0;0;0;1
1084;89;6772;37;AMS;Bone;Individual;Cave;0;0;0;0;0;1
1087;89;7990;38;AMS;Bone;Individual;Cave;0;0;0;0;0;1
1085_1086;89;7261;26;AMS;Bone;Individual;Cave;0;0;0;0;1;1
835;90;9348;61;AMS;Charcoal;Individual;Open;0;0;0;0;0;1
836;91;7770;50;AMS;Bone_collagen;Individual;Cave;0;0;0;0;0;0
160;92;8570;40;AMS;Bone;Individual;Shelter;0;0;0;0;0;1
161;92;8829;38;AMS;Bone;Individual;Shelter;0;0;0;0;0;1
894;93;10060;45;AMS;Human_bone;Individual;Cave;0;0;0;0;0;0
214;94;9185;60;AMS;Charcoal;Individual;Shelter;0;0;0;0;0;1
216;94;9895;60;AMS;Charcoal;Individual;Shelter;0;0;0;0;0;1
217;94;9660;110;AMS;Charcoal;Individual;Shelter;0;0;0;0;0;1
218_215;94;10074;45;AMS;Charcoal;Individual;Shelter;0;0;0;0;1;1
255;95;6770;65;AMS;Bone;Individual;Cave;0;0;0;0;0;1
256;95;6930;60;AMS;Bone;Individual;Cave;0;0;0;0;0;1
257;95;7025;80;AMS;Bone;Individual;Cave;0;0;0;0;0;1
1082;95;6860;65;AMS;Bone;Individual;Cave;0;0;0;0;0;1
1197;95;13009;105;AMS;Bone;Individual;Cave;0;0;0;0;0;1
0254_1096;95;6201;45;AMS;Bone;Individual;Cave;0;0;0;0;1;1
258;96;6360;80;C14;Charcoal;Individual;Cave;0;0;0;0;0;1
259;97;6425;85;AMS;Bone;Unknown;Cave;0;0;0;0;0;1
297;110;7890;80;C14;Shell;Individual;Cave;1;0;-105;21;0;1
261;99;6470;70;AMS;Bone;Unknown;Cave;0;0;0;0;0;1
818;100;9525;70;AMS;Charcoal;Individual;Open;0;0;0;0;0;1
819;100;9410;70;AMS;Charcoal;Individual;Open;0;0;0;0;0;1
820;100;8435;52;AMS;Charcoal;Individual;Open;0;0;0;0;0;1
821;100;8397;38;C14;Charcoal;Aggregated;Open;0;0;0;0;0;1
822;100;8380;60;C14;Charcoal;Aggregated;Open;0;0;0;0;0;1
823;100;8370;70;AMS;Charcoal;Individual;Open;0;0;0;0;0;1
824;100;8332;38;AMS;Charcoal;Individual;Open;0;0;0;0;0;1
825;100;8317;37;AMS;Charcoal;Individual;Open;0;0;0;0;0;1
826;100;8259;49;AMS;Charcoal;Aggregated;Open;0;0;0;0;0;0
828;100;7608;35;AMS;Charcoal;Aggregated;Open;0;0;0;0;0;0
829;100;7353;50;C14;Charcoal;Individual;Open;0;0;0;0;0;0
830;100;7240;110;C14;Charcoal;Aggregated;Open;0;0;0;0;0;0
831;100;7204;35;C14;Charcoal;Aggregated;Open;0;0;0;0;0;0
832;100;6980;70;AMS;Charcoal;Individual;Open;0;0;0;0;0;0
833;100;6950;50;AMS;Seed;Aggregated;Open;0;0;0;0;0;0
834;100;6710;50;C14;Charcoal;Aggregated;Open;0;0;0;0;0;0
884;100;7792;34;AMS;Charcoal;Aggregated;Open;0;0;0;0;0;0
263;101;6630;50;AMS;Bone;Unknown;Cave;0;0;0;0;0;1
264;102;6650;130;C14;Charcoal;Unknown;Open;0;0;0;0;0;1
283;102;7510;100;C14;Charcoal;Unknown;Open;0;0;0;0;0;1
265;103;6650;120;C14;Charcoal;Individual;Cave;0;0;0;0;0;1
284;103;7530;70;C14;Charcoal;Individual;Cave;0;0;0;0;0;1
664;103;9600;140;C14;Charcoal;Individual;Cave;0;0;0;0;0;1
665;103;6860;60;C14;Charcoal;Individual;Cave;0;0;0;0;0;1
1099;103;12960;50;C14;Bone;Individual;Cave;0;0;0;0;0;1
266;104;6865;45;AMS;Bone;Individual;Cave;0;0;0;0;0;1
930;105;6730;40;AMS;Charcoal;Unknown;Cave;0;0;0;0;0;1
931;105;7610;40;AMS;Charcoal;Unknown;Cave;0;0;0;0;0;1
800;106;13570;70;AMS;Bone;Unknown;Shelter;0;0;0;0;0;1
801;106;14660;80;AMS;Bone;Aggregated;Shelter;0;0;0;0;0;0
270;107;7013;42;AMS;Charcoal;Unknown;Cave;0;0;0;0;0;1
279;107;7225;44;AMS;Charcoal;Unknown;Cave;0;0;0;0;0;1
845;107;6725;52;AMS;Charcoal;Unknown;Cave;0;0;0;0;0;1
846;107;6825;41;AMS;Charcoal;Unknown;Cave;0;0;0;0;0;1
298;80;7985;65;C14;Shell;Unknown;Cave;1;0;-105;21;0;1
300;80;8165;65;C15;Shell;Unknown;Cave;1;0;-105;21;0;1
271;108;7020;90;C14;Charcoal;Individual;Cave;0;0;0;0;0;1
275;108;7090;60;AMS;Bone;Individual;Cave;0.5;0;-105;21;0;1
272;109;7030;120;C14;Charcoal;Unknown;Cave;0;0;0;0;0;1
280;109;7280;220;C14;Charcoal;Unknown;Cave;0;0;0;0;0;0
1097;109;9290;440;C14;Charcoal;Unknown;Cave;0;0;0;0;0;0
301;80;8175;65;C14;Shell;Individual;Cave;1;0;-105;21;0;1
305;80;8295;65;C14;Shell;Unknown;Cave;1;0;-105;21;0;1
308;122;8360;70;C14;Shell;Individual;Cave;1;0;-105;21;0;1
402;140;9910;100;C14;Shell;Individual;Open;1;0;95;15;0;1
276;112;7100;170;C14;Charcoal;Unknown;Cave;0;0;0;0;0;1
277;113;7150;470;C14;Charcoal;Unknown;Cave;0;0;0;0;0;0
299;113;8025;80;AMS;Bone;Unknown;Cave;0;0;0;0;0;1
303;113;8195;60;AMS;Bone;Unknown;Cave;0;0;0;0;0;1
304;113;8280;55;AMS;Charcoal;Unknown;Cave;0;0;0;0;0;1
306;113;8300;50;AMS;Charcoal;Unknown;Cave;0;0;0;0;0;0
900;113;8240;40;AMS;Bone;Unknown;Cave;0;0;0;0;0;0
404;140;9970;70;C14;Shell;Individual;Open;1;0;95;15;0;1
405;140;9880;80;C14;Shell;Individual;Open;1;0;95;15;0;1
407;140;9790;120;C14;Shell;Individual;Open;1;0;95;15;0;1
287;116;7550;190;C14;Charcoal;Unknown;Open;0;0;0;0;0;1
1101;116;6830;55;C14;Charcoal;Unknown;Open;0;0;0;0;0;1
410;141;9650;90;AMS;Shell;Aggregated;Cave ;1;0;95;15;0;1
551;118;7690;270;C14;Charcoal;Individual;Shelter;0;0;0;0;0;0
552;118;6945;65;AMS;Bone_collagen;Individual;Shelter;0;0;0;0;0;1
415;141;8870;100;AMS;Shell;Individual;Cave ;1;0;95;15;0;1
430;143;7630;60;AMS;Shell;Unknown;Open;1;0;95;15;0;1
302;120;8190;100;AMS;Charcoal;Unknown;Shelter;0;0;0;0;0;1
307;120;8300;50;AMS;Bone;Unknown;Shelter;0.5;0;-105;21;0;1
808;121;12320;60;AMS;Sediment;Aggregated;Cave;0;0;0;0;0;0
809;121;15700;220;AMS;Sediment;Aggregated;Cave;0;0;0;0;0;0
431;143;7650;80;AMS;Shell;Unknown;Open;1;0;95;15;0;1
310;123;8440;130;C14;Charcoal;Unknown;Open;0;0;0;0;0;1
433;143;7520;70;AMS;Shell;Unknown;Open;1;0;95;15;0;1
312;124;8067;34;AMS;Human_bone;Individual;Open;0;0;0;0;0;1
700;124;7820;30;AMS;Bone_collagen;Individual;Open;0;0;0;0;0;0
701;124;7610;30;AMS;Bone_collagen;Individual;Open;0;0;0;0;0;0
841;124;8292;57;AMS;Bone_collagen;Individual;Open;0;0;0;0;0;1
843;124;7939;44;AMS;Bone_collagen;Individual;Open;0;0;0;0;0;0
889;124;8690;100;C14;Human_bone;Individual;Open;0;0;0;0;0;0
890;124;8080;60;C14;Human_bone;Individual;Open;0;0;0;0;0;0
891;124;7660;44;AMS;Bone_collagen;Individual;Open;0;0;0;0;0;1
892;124;7570;160;C14;Human_bone;Unknown;Open;0;0;0;0;0;0
893;124;7649;120;C14;Human_bone;Unknown;Open;0;0;94;61;0;0
319;124;7900;32;AMS;Human_bone;Individual;Open;0.07;0;94;61;0;1
320;124;7801;38;AMS;Human_bone;Individual;Open;0.137;0;94;61;0;1
321;124;7742;35;AMS;Human_bone;Individual;Open;0.137;0;94;61;0;1
316;124;8166;35;AMS;Human_bone;Individual;Open;0.17;0;94;61;0;1
317;124;7992;34;AMS;Human_bone;Individual;Open;0.17;0;94;61;0;1
318;124;7976;33;AMS;Human_bone;Individual;Open;0.19;0;94;61;0;1
315;124;8319;35;AMS;Human_bone;Individual;Open;0.21;0;94;61;0;1
313;124;8491;37;AMS;Human_bone;Individual;Open;0.25;0;94;61;0;1
314;124;8388;36;AMS;Human_bone;Individual;Open;0.25;0;94;61;0;1
322;125;7116;32;AMS;Human_bone;Individual;Open;0;0;0;0;0;1
323;125;7070;40;ams;Human_bone;Individual;Open;0;0;0;0;0;1
952;125;8898;40;AMS;Shell;Individual;Open;0;0;0;0;0;0
953;125;10310;40;AMS;Shell;Individual;Open;0;0;0;0;0;0
951;125;8520;50;AMS;Charcoal;Individual;Open;0;0;0;0;0;1
324;126;6920;40;AMS;Human_bone;Individual;Shelter;0;0;0;0;0;1
325;126;6910;40;AMS;Human_bone;Individual;Shelter;0;0;0;0;0;1
326;126;6925;35;AMS;Human_bone;Individual;Shelter;0;0;0;0;0;1
327;126;6897;34;AMS;Human_bone;Individual;Shelter;0;0;0;0;0;1
406;127;7070;40;AMS;Bone;Individual;Open;0;0;0;0;0;1
461;127;7410;70;AMS;Charcoal;Individual;Open;0;0;0;0;0;0
462;127;6430;300;C14;Charcoal;Unknown;Open;0;0;0;0;0;0
463;127;5150;300;C14;Charcoal;Unknown;Open;0;0;0;0;0;0
328;127;7550;100;AMS;Human_bone;Individual;Open;0.24;0;140;40;0;0
331;127;6970;60;AMS;Human_bone;Individual;Open;0.24;0;140;40;0;1
333;127;6780;80;AMS;Human_bone;Individual;Open;0.25;0;140;40;0;1
330;127;6990;110;AMS;Human_bone;Individual;Open;0.26;0;140;40;0;1
334;127;6620;60;AMS;Human_bone;Individual;Open;0.32;0;140;40;0;1
329;127;7040;60;AMS;Human_bone;Individual;Open;0.34;0;140;40;0;1
332;127;6960;70;AMS;Human_bone;Individual;Open;0.42;0;140;40;0;1
475;127;7351;70;AMS;Human_bone;Individual;Open;0.44;0;140;40;0;1
335;127;6360;80;AMS;Human_bone;Individual;Open;0.59;0;140;40;0;1
435;143;7460;60;AMS;Shell;Unknown;Open;1;0;95;15;0;1
437;143;7200;90;AMS;Shell;Unknown;Open;1;0;95;15;0;1
439;146;7320;60;AMS;Shell;Individual;Open;1;0;380;30;0;1
440;146;7360;90;AMS;Shell;Individual;Open;1;0;380;30;0;1
442;147;9200;70;AMS;Shell;Individual;Open;1;0;95;15;0;1
449;150;8740;70;AMS;Shell;Unknown;Open;1;0;95;15;0;1
450;151;9810;65;AMS;Shell;Individual;Open;1;0;95;15;0;1
452;151;9090;75;AMS;Shell;Individual;Open;1;0;95;15;0;1
457;4;7490;110;C14;Shell;Aggregated;Shelter;1;0;380;30;0;1
470;128;7080;80;AMS;Shell;Individual;Open;1;0;140;40;0;1
471;128;7260;60;AMS;Shell;Individual;Open;1;0;140;40;0;1
472;128;7050;45;AMS;Shell;Individual;Open;1;0;140;40;0;1
481;11;6940;140;C14;Shell;Aggregated;Cave ;1;0;95;15;0;1
484;130;6370;75;AMS;Shell;Aggregated;Open;1;0;-150;155;0;1
485;133;6430;65;AMS;Shell;Aggregated;Open;1;0;-150;155;0;1
486;133;6730;75;AMS;Shell;Aggregated;Open;1;0;-150;155;0;1
488;158;7110;50;AMS;Shell;Individual;Open;1;0;-150;155;0;1
490;159;6850;70;AMS;Shell;Individual;Open;1;0;-150;155;0;1
491;159;7040;70;AMS;Shell;Individual;Open;1;0;-150;155;0;1
493;160;7350;60;C14;Shell;Individual;Open;1;0;-150;155;0;1
494;160;7390;80;C14;Shell;Individual;Open;1;0;-150;155;0;1
495;161;7100;60;AMS;Shell;Unknown;Open;1;0;-150;155;0;1
496;161;7100;70;AMS;Shell;Unknown;Open;1;0;-150;155;0;1
497;131;7420;65;AMS;Shell;Unknown;Open;1;0;-150;155;0;1
505;163;7310;80;C14;Shell;Individual;Open;1;0;95;15;0;1
340;128;6550;70;AMS;Human_bone;Individual;Open;0;0;0;0;0;1
1136;128;7291;35;AMS;Shell;Individual;Open;0;0;140;40;0;0
1141;128;7193;33;AMS;Shell;Individual;Open;0;0;140;40;0;0
1142;128;7445;33;AMS;Shell;Individual;Open;0;0;140;40;0;0
464;128;7135;65;AMS;Charcoal;Unknown;Open;0;0;0;0;0;0
465;128;6990;60;AMS;Bone_collagen;Aggregated;Open;0;0;0;0;0;0
466;128;7030;350;C14;Charcoal;Unknown;Open;0;0;0;0;0;0
467;128;5970;70;C14;Bone_collagen;Aggregated;Open;0;0;0;0;0;0
468;128;6050;300;C14;Charcoal;Unknown;Open;0;0;0;0;0;0
469;128;5710;170;C14;Bone_collagen;Aggregated;Open;0;0;0;0;0;0
473;128;6520;120;AMS;Bone_collagen;Unknown;Open;0;0;0;0;0;0
474;128;5170;40;AMS;Charcoal;Unknown;Open;0;0;0;0;0;0
1161;128;7450;30;AMS;Charcoal;Individual;Open;0;0;0;0;0;1
339;128;6630;60;AMS;Human_bone;Individual;Open;0.42;0;140;40;0;1
341;128;6329;40;AMS;Human_bone;Individual;Open;0.46;0;140;40;0;1
338;128;6850;40;AMS;Human_bone;Individual;Open;0.48;0;140;40;0;1
336;128;7300;80;AMS;Human_bone;Individual;Open;0.5;0;140;40;0;1
337;128;7132;41;AMS;Human_bone;Individual;Open;0.56;0;140;40;0;1
342;128;6910;40;AMS;Human_bone;Individual;Open;0.58;0;140;40;0;1
476;129;7350;350;C14;Charcoal;Unknown;Open;0;0;0;0;0;0
344;129;7200;70;AMS;Human_bone;Individual;Open;0.44;0;140;40;0;1
345;129;7180;70;AMS;Human_bone;Individual;Open;0.45;0;140;40;0;1
348;129;7120;40;AMS;Human_bone;Individual;Open;0.45;0;140;40;0;1
346;129;7160;80;AMS;Human_bone;Individual;Open;0.46;0;140;40;0;1
343;129;7240;70;AMS;Human_bone;Individual;Open;0.51;0;140;40;0;1
347;129;6810;70;AMS;Human_bone;Individual;Open;0.59;0;140;40;0;1
506;164;6820;140;C14;Shell;Individual;Open;1;0;95;15;0;1
349;130;7230;40;AMS;Human_bone;Individual;Open;0;0;0;0;0;1
483;130;5990;75;AMS;Charcoal;Aggregated;Open;0;0;0;0;0;0
507;165;7590;60;AMS;Shell;Unknown;Open;1;0;95;15;0;1
350;131;7200;130;C14;Human_bone;Individual;Open;0.44;0;-150;155;0;1
351;132;7140;40;AMS;Human_bone;Individual;Open;0.41;0;140;40;0;1
508;165;7910;60;AMS;Shell;Unknown;Open;1;0;95;15;0;1
509;166;8220;120;C14;Shell;Aggregated;Open;1;0;-110;40;0;1
487;133;6730;75;AMS;Bone_collagen;Aggregated;Open;0;0;0;0;0;1
352_353;133;6760;38;AMS;Human_bone;Individual;Open;0;0;0;0;1;1
498;134;7520;60;AMS;Shell;Aggregated;Open;0;0;95;15;0;0
354;134;6370;70;AMS;Human_bone;Individual;Open;0.75;0;95;15;0;0
376;135;8800;360;C14;Charcoal;Individual;Open;0;0;0;0;0;0
377;135;8690;60;AMS;Seed;Individual;Open;0;0;0;0;0;1
378;135;8050;150;C14;Charcoal;Individual;Open;0;0;0;0;0;1
379;135;8150;590;C14;Charcoal;Individual;Open;0;0;0;0;0;0
380;135;8270;200;C14;Charcoal;Individual;Open;0;0;0;0;0;1
381;135;8400;180;C14;Charcoal;Individual;Open;0;0;0;0;0;1
382;135;7800;50;AMS;Seed;Individual;Open;0;0;0;0;0;1
866;136;7610;40;AMS;Bone;Individual;Cave;0;0;0;0;0;1
867;136;6760;40;AMS;Bone;Individual;Cave;0;0;0;0;0;0
868;136;7350;40;AMS;Bone;Individual;Cave;0;0;0;0;0;1
869;136;7050;40;AMS;Bone;Individual;Cave;0;0;0;0;0;1
870;136;7080;40;AMS;Bone;Individual;Cave;0;0;0;0;0;0
871;136;6840;50;AMS;Bone;Individual;Cave;0;0;0;0;0;0
389_390;137;7494;38;AMS;Seed;Individual;Shelter;0;0;0;0;1;1
391_392;137;7330;29;AMS;Bone_charcoal;Individual;Shelter;0;0;0;0;1;1
393;138;6780;50;AMS;Seed;Individual;Shelter;0;0;0;0;0;1
394;138;6800;50;AMS;Seed;Individual;Shelter;0;0;0;0;0;1
395;139;6810;30;AMS;Charcoal;Unknown;Cave;0;0;0;0;0;1
396;139;7315;35;AMS;Bone_collagen;Unknown;Cave;0;0;0;0;0;1
511;166;7530;60;C14;Shell;Aggregated;Open;1;0;-110;40;0;1
512;166;7910;60;C14;Shell;Aggregated;Open;1;0;-110;40;0;1
513;167;7500;60;AMS;Shell;Aggregated;Open;1;0;95;15;0;1
514;167;7530;60;AMS;Shell;Aggregated;Open;1;0;95;15;0;1
403;140;9490;60;C14;Charcoal;Individual;Open;0;0;0;0;0;1
408;140;9580;100;AMS;Charcoal;Individual;Open;0;0;0;0;0;1
515;167;7350;80;AMS;Shell;Aggregated;Open;1;0;95;15;0;1
516;167;8120;60;AMS;Shell;Aggregated;Open;1;0;95;15;0;1
409;141;9710;70;AMS;Charcoal;Aggregated;Cave ;0;0;0;0;0;1
411;142;8850;50;AMS;Charcoal;Unknown;Open;0;0;0;0;0;1
412;142;8860;80;AMS;Charcoal;Unknown;Open;0;0;0;0;0;1
413;142;8570;130;AMS;Charcoal;Unknown;Open;0;0;0;0;0;1
414;142;8380;90;AMS;Charcoal;Unknown;Open;0;0;0;0;0;1
517;168;7092;48;AMS;Shell;Unknown;Open;1;0;-116;40;0;1
519;168;7117;38;AMS;Shell;Unknown;Open;1;0;-116;40;0;1
520;168;7201;39;AMS;Shell;Unknown;Open;1;0;-116;40;0;1
521;168;7270;70;AMS;Shell;Unknown;Open;1;0;-116;40;0;1
702;124;9020;40;AMS;Shell;Individual;Open;1;0;94;61;0;1
714;11;6560;140;C14;Shell;Aggregated;Cave ;1;0;95;15;0;1
827;248;8090;120;AMS;Shell;Aggregated;Open;1;0;95;15;0;1
1091;85;9230;90;C14;Shell;Individual;Cave;1;0;-105;21;0;1
1092;85;10630;120;C14;Shell;Individual;Cave;1;0;-105;21;0;1
419;143;8120;45;AMS;Charcoal;Unknown;Open;0;0;0;0;0;1
420;143;7810;90;AMS;Charcoal;Unknown;Open;0;0;0;0;0;0
421;143;7810;90;AMS;Charcoal;Unknown;Open;0;0;0;0;0;1
426;143;7610;80;AMS;Charcoal;Unknown;Open;0;0;0;0;0;1
427;143;7580;70;AMS;Charcoal;Unknown;Open;0;0;0;0;0;1
422;143;9090;60;AMS;Shell;Unknown;Open;0;0;0;0;0;0
423;143;9060;50;AMS;Shell;Unknown;Open;0;0;0;0;0;0
428;143;7940;140;AMS;Shell;Unknown;Open;0;0;0;0;0;0
429;143;8470;70;AMS;Shell;Unknown;Open;0;0;0;0;0;0
432;143;6820;60;AMS;Shell;Unknown;Open;0;0;0;0;0;0
434;143;7170;90;AMS;Shell;Unknown;Open;0;0;0;0;0;0
436;143;6390;90;AMS;Shell;Unknown;Open;0;0;0;0;0;0
438;143;5700;60;AMS;Shell;Unknown;Open;0;0;0;0;0;0
873;143;7390;90;AMS;Shell;Unknown;Open;0;0;0;0;0;0
1093;85;11390;70;C14;Shell;Individual;Cave;1;0;-117;70;0;1
1094;85;11800;75;C14;Shell;Individual;Cave;1;0;-117;70;0;1
1095;85;13200;50;C14;Shell;Individual;Cave;1;0;-117;70;0;1
1120;168;8420;60;AMS;Shell;Individual;Open;1;0;-116;40;0;1
1121;168;8427;51;AMS;Shell;Individual;Open;1;0;-116;40;0;1
1122;168;8420;60;AMS;Shell;Aggregated;Open;1;0;-116;40;0;1
1123;168;8674;52;AMS;Shell;Individual;Open;1;0;-116;40;0;1
1124;168;8965;54;AMS;Shell;Individual;Open;1;0;-116;40;0;1
1128;145;8960;70;AMS;Shell;Individual;Open;1;0;-116;44;0;1
1129;145;9020;70;AMS;Shell;Individual;Open;1;0;-116;44;0;1
1130;145;8360;80;AMS;Shell;Individual;Open;1;0;-116;44;0;1
1131;145;8374;54;AMS;Shell;Individual;Open;1;0;-116;44;0;1
441;146;6764;35;AMS;Bone_collagen;Individual;Open;0;0;0;0;0;1
1132;145;8780;60;AMS;Shell;Individual;Open;1;0;-116;44;0;1
1133;145;8873;57;AMS;Shell;Individual;Open;1;0;-116;44;0;1
444;147;7800;110;C14;Bone_collagen;Aggregated;Open;0;0;0;0;0;0
1134;145;8415;74;AMS;Shell;Individual;Open;1;0;-116;44;0;1
448;149;7327;42;AMS;Bone_collagen;Individual;Open;0;0;0;0;0;1
1135;145;8449;51;AMS;Shell;Individual;Open;1;0;-116;44;0;1
1137;128;7145;37;AMS;Shell;Individual;Open;1;0;140;40;0;1
1138;128;7377;33;AMS;Shell;Individual;Open;1;0;140;40;0;1
451;151;8500;110;C14;Charcoal;Unknown;Open;0;0;0;0;0;1
454;152;8450;190;C14;Charcoal;Unknown;Open;0;0;0;0;0;1
455;153;7810;120;C14;Charcoal;Unknown;Shelter;0;0;0;0;0;1
456;154;7310;110;C14;Charcoal;Unknown;Shelter;0;0;0;0;0;1
460;155;8670;80;C14;Charcoal;Individual;Open;0;0;0;0;0;1
459_458;155;8803;70;C14;Charcoal;Individual;Open;0;0;0;0;1;1
477;156;6890;140;C14;Bone_collagen;Aggregated;Open;0;0;0;0;0;1
478;156;6650;60;C14;Bone_collagen;Aggregated;Open;0;0;0;0;0;1
479;157;7070;40;AMS;Bone_collagen;Individual;Open;0;0;0;0;0;1
1139;128;7360;34;AMS;Shell;Individual;Open;1;0;140;40;0;1
1140;128;7356;33;AMS;Shell;Individual;Open;1;0;140;40;0;1
1143;128;7376;34;AMS;Shell;Individual;Open;1;0;140;40;0;1
489;159;6780;65;AMS;Charcoal;Individual;Open;0;0;0;0;0;1
1144;128;7368;39;AMS;Shell;Individual;Open;1;0;140;40;0;1
1145;128;7315;35;AMS;Shell;Individual;Open;1;0;140;40;0;1
492;160;7130;110;C14;Bone_collagen;Individual;Open;0;0;0;0;0;1
1146;128;7311;34;AMS;Shell;Individual;Open;1;0;140;40;0;1
1147;128;7273;34;AMS;Shell;Individual;Open;1;0;140;40;0;1
499;162;6030;180;C14;Bone_collagen;Aggregated;Open;0;0;0;0;0;0
500;162;6640;90;C14;Bone_collagen;Aggregated;Open;0;0;0;0;0;0
1148;128;7323;48;AMS;Shell;Individual;Open;1;0;140;40;0;1
501;163;6180;110;C14;Bone_collagen;Individual;Open;0;0;0;0;0;0
502;163;7010;70;C14;Charcoal;Individual;Open;0;0;0;0;0;1
503;163;6260;80;C14;Bone_collagen;Individual;Open;0;0;0;0;0;0
504;163;6870;220;C14;Bone_collagen;Individual;Open;0;0;0;0;0;0
874;163;6840;70;C14;Charcoal;Individual;Open;0;0;0;0;0;0
1149;128;7384;48;AMS;Shell;Individual;Open;1;0;140;40;0;1
1150;128;7305;48;AMS;Shell;Individual;Open;1;0;140;40;0;1
1151;128;7395;48;AMS;Shell;Individual;Open;1;0;140;40;0;1
1152;128;7365;49;AMS;Shell;Individual;Open;1;0;140;40;0;1
1153;128;7307;48;AMS;Shell;Individual;Open;1;0;140;40;0;1
1154;128;7251;48;AMS;Shell;Individual;Open;1;0;140;40;0;1
510;166;7450;90;C14;Charcoal;Aggregated;Open;0;0;0;0;0;1
1125;166;7880;40;AMS;Charcoal;Unknown;Open;0;0;0;0;0;1
1126;166;7900;40;AMS;Charcoal;Unknown;Open;0;0;0;0;0;1
1127;166;7970;60;AMS;Charcoal;Individual;Open;0;0;0;0;0;1
1155;128;7395;48;AMS;Shell;Individual;Open;1;0;140;40;0;1
1156;128;7370;48;AMS;Shell;Individual;Open;1;0;140;40;0;1
1157;128;7417;34;AMS;Shell;Individual;Open;1;0;140;40;0;1
1158;128;7406;32;AMS;Shell;Individual;Open;1;0;140;40;0;1
1159;128;7479;48;AMS;Shell;Individual;Open;1;0;140;40;0;1
1160;128;7450;30;AMS;Shell;Individual;Open;1;0;140;40;0;1
1166;144;6930;60;AMS;Shell;Aggregated;Open;1;0;95;15;0;1
1167;145;9473;54;AMS;Shell;Individual;Open;1;0;-116;44;0;1
1168;242;7280;60;C14;Shell;Individual;Open;1;0;-108;31;0;1
1169;242;7400;100;C14;Shell;Individual;Open;1;0;-108;31;0;1
1185;249;10380;100;C14;Shell;Aggregated;Open;1;0;95;15;0;1
1186;249;10450;60;C14;Shell;Aggregated;Open;1;0;95;15;0;1
1187;249;10740;60;C14;Shell;Aggregated;Open;1;0;95;15;0;1
518;168;6862;43;AMS;Charcoal;Unknown;Open;0;0;0;0;0;1
522;168;7270;70;AMS;Charcoal;Unknown;Open;0;0;0;0;0;1
524;169;8455;45;AMS;Bone_collagen;Unknown;Cave;0;0;0;0;0;1
525;169;11890;50;C14;Bone_collagen;Unknown;Cave;0;0;0;0;0;1
526;170;9260;50;AMS;Bone_collagen;Unknown;Cave;0;0;0;0;0;1
527;170;10550;50;AMS;Bone_collagen;Unknown;Cave;0;0;0;0;0;1
528;170;11530;50;AMS;Bone_collagen;Unknown;Cave;0;0;0;0;0;1
531;170;12040;50;AMS;Bone_collagen;Unknown;Cave;0;0;0;0;0;1
0529_0530;170;11535;36;AMS;Bone_collagen;Unknown;Cave;0;0;0;0;1;1
532;171;8590;90;C14;Bone_collagen;Unknown;Cave;0;0;0;0;0;1
533;171;8630;70;C14;Bone_collagen;Unknown;Cave;0;0;0;0;0;1
534;171;8860;100;C14;Bone_collagen;Unknown;Cave;0;0;0;0;0;1
591;171;8800;80;C14;Bone_collagen;Unknown;Cave;0;0;0;0;0;0
1044;171;14430;290;C14;Bone;Unknown;Cave;0;0;0;0;0;0
1045;171;11320;220;C14;Bone;Unknown;Cave;0;0;0;0;0;0
1046;171;11900;130;AMS;Bone;Unknown;Cave;0;0;0;0;0;1
1047;171;11750;300;C14;Bone;Unknown;Cave;0;0;0;0;0;0
1048;171;11600;130;AMS;Bone;Unknown;Cave;0;0;0;0;0;1
1049;171;11100;120;C14;Bone;Unknown;Cave;0;0;0;0;0;1
1050;171;10300;170;C14;Bone;Unknown;Cave;0;0;0;0;0;1
1051;171;10160;410;C14;Bone;Unknown;Cave;0;0;0;0;0;1
1052;171;9740;190;C14;Bone;Unknown;Cave;0;0;0;0;0;1
1053;171;8130;200;C14;Bone;Unknown;Cave;0;0;0;0;0;0
1115;171;7640;190;AMS;Bone;Aggregated;Cave;0;0;0;0;0;0
0589_0590_1054;171;8544;47;C14;Bone_collagen;Unknown;Cave;0;0;0;0;1;1
535;172;8610;50;AMS;Bone_collagen;Individual;Cave;0;0;0;0;0;1
536;173;7860;40;AMS;Bone_collagen;Unknown;Shelter;0;0;0;0;0;1
537;173;8380;40;AMS;Bone_collagen;Unknown;Shelter;0;0;0;0;0;1
1110;173;7620;40;AMS;Charcoal;Individual;Shelter;0;0;0;0;0;0
1111;173;7715;45;AMS;Charcoal;Individual;Shelter;0;0;0;0;0;1
1112;173;8015;45;AMS;Charcoal;Individual;Shelter;0;0;0;0;0;1
1113;173;6950;50;AMS;Bone;Unknown;Shelter;0;0;0;0;0;1
1114;173;6730;40;AMS;Bone;Unknown;Shelter;0;0;0;0;0;1
538;174;6550;260;C14;Bone_collagen;Aggregated;Shelter;0;0;0;0;0;0
539;174;6360;70;C14;Bone_collagen;Aggregated;Shelter;0;0;0;0;0;0
1089;174;7620;80;C14;Charcoal;Aggregated;Shelter;0;0;0;0;0;1
1090;174;7860;330;C14;Bone_collagen;Aggregated;Shelter;0;0;0;0;0;0
543;175;7890;120;C14;Bone;Individual;Shelter;0;0;0;0;0;1
1098;176;8120;240;C14;Charcoal;Unknown;Shelter;0;0;0;0;0;0
0544_0545_0546;176;7868;72;C14;Charcoal;Unknown;Shelter;0;0;0;0;1;1
547;177;7790;70;C14;Bone_collagen;Aggregated;Cave;0;0;0;0;0;1
548;177;7160;70;C14;Bone_collagen;Aggregated;Cave;0;0;0;0;0;1
0549_0550;177;6600;45;C14;Bone_collagen;Individual;Cave;0;0;0;0;1;1
292;178;12750;250;C14;Charcoal;Unknown;Cave;0;0;0;0;0;0
553;178;6987;35;AMS;Nd;Unknown;Cave;0;0;0;0;0;1
554;178;9610;85;AMS;Nd;Unknown;Cave;0;0;0;0;0;1
555;178;9540;210;C14;Bone;Aggregated;Cave;0;0;0;0;0;0
556;178;9460;185;C14;Bone;Aggregated;Cave;0;0;0;0;0;1
557;178;11778;63;AMS;Nd;Unknown;Cave;0;0;0;0;0;1
558;178;12297;66;AMS;Nd;Unknown;Cave;0;0;0;0;0;1
559;178;12813;74;AMS;Nd;Unknown;Cave;0;0;0;0;0;1
560;178;12646;114;AMS;Nd;Unknown;Cave;0;0;0;0;0;1
562;178;13604;79;AMS;Nd;Unknown;Cave;0;0;0;0;0;1
563;178;13862;129;AMS;Bone;Unknown;Cave;0;0;0;0;0;1
565;178;14605;92;AMS;Nd;Unknown;Cave;0;0;0;0;0;1
566;178;12050;190;C14;Bone;Unknown;Cave;0;0;0;0;0;1
567;178;14919;91;AMS;Nd;Unknown;Cave;0;0;0;0;0;1
570;178;15400;240;C14;Bone;Aggregated;Cave;0;0;0;0;0;0
571;178;15970;240;C14;Bone;Aggregated;Cave;0;0;0;0;0;0
572;178;16030;240;C14;Bone;Aggregated;Cave;0;0;0;0;0;0
573;178;16250;250;C14;Bone;Aggregated;Cave;0;0;0;0;0;0
574;178;16510;270;C14;Bone;Aggregated;Cave;0;0;0;0;0;0
668;178;13350;250;C14;Charcoal;Unknown;Cave;0;0;0;0;0;0
0564_0568;178;14165;66;AMS;Nd;Unknown;Cave;0;0;0;0;1;1
0569_0575;178;15529;81;AMS;Nd;Unknown;Cave;0;0;0;0;1;1
587;179;8540;180;C14;Charcoal;Unknown;Open;0;0;0;0;0;1
588;179;9060;380;C14;Charcoal;Unknown;Open;0;0;0;0;0;0
785;180;8640;50;AMS;Charcoal;Individual;Open;0;0;0;0;0;1
786;180;8150;40;AMS;Charcoal;Individual;Open;0;0;0;0;0;1
787;180;8248;35;AMS;Charcoal;Individual;Open;0;0;0;0;0;1
788;180;8250;37;AMS;Charcoal;Individual;Open;0;0;0;0;0;1
789;180;8729;36;AMS;Charcoal;Individual;Open;0;0;0;0;0;1
641;181;13330;270;C14;Indet;Unknown;Open;0;0;0;0;0;0
643;182;7330;40;AMS;Charcoal;Unknown;Shelter;0;0;0;0;0;1
644;182;8060;40;AMS;Charcoal;Unknown;Shelter;0;0;0;0;0;1
645;182;8130;40;AMS;Charcoal;Unknown;Shelter;0;0;0;0;0;1
646;182;8310;40;AMS;Charcoal;Unknown;Shelter;0;0;0;0;0;1
880;182;7770;50;AMS;Charcoal;Unknown;Shelter;0;0;0;0;0;1
817;183;8740;40;AMS;Charcoal;Unknown;Shelter;0;0;0;0;0;1
649;184;12060;50;AMS;Charcoal;Unknown;Cave;0;0;0;0;0;1
650;185;10220;40;AMS;Bone;Unknown;Cave;0;0;0;0;0;1
651;185;10800;40;AMS;Bone;Unknown;Cave;0;0;0;0;0;1
0652_0653_0654_0881;185;14716;38;AMS;Bone;Unknown;Cave;0;0;0;0;1;1
655;186;9430;120;C14;Nd;Unknown;Cave;0;0;0;0;0;1
656;186;9540;120;C14;Nd;Unknown;Cave;0;0;0;0;0;1
657;186;10510;120;C14;Nd;Unknown;Cave;0;0;0;0;0;1
658;186;10480;210;C14;Nd;Unknown;Cave;0;0;0;0;0;0
659;186;10880;210;C14;Nd;Unknown;Cave;0;0;0;0;0;0
660;186;11320;360;C14;Nd;Unknown;Cave;0;0;0;0;0;0
661;186;10910;290;C14;Nd;Unknown;Cave;0;0;0;0;0;0
0679_0680;187;13323;118;C14;Bone;Individual;Shelter;0;0;0;0;1;1
683;188;12790;70;AMS;Bone;Individual;Cave;0;0;0;0;0;1
684;188;12250;70;AMS;Bone;Individual;Cave;0;0;0;0;0;0
687;188;7580;50;AMS;Charcoal;Individual;Cave;0;0;0;0;0;1
0682_0681;188;14660;57;AMS;Bone;Individual;Cave;0;0;0;0;1;1
0685_0686;188;10083;46;AMS;Bone;Individual;Cave;0;0;0;0;1;1
688;189;8650;70;AMS;Charcoal;Individual;Shelter;0;0;0;0;0;1
691;189;7090;340;AMS;Charcoal;Individual;Shelter;0;0;0;0;0;0
692;189;7000;40;AMS;Bone_collagen;Individual;Shelter;0;0;0;0;0;1
693;189;6970;130;AMS;Charcoal;Individual;Shelter;0;0;0;0;0;0
695;189;6900;45;AMS;Charcoal;Individual;Shelter;0;0;0;0;0;1
690_689;189;7200;29;AMS;Charcoal;Individual;Shelter;0;0;0;0;1;1
696_694;189;6745;29;AMS;Bone_collagen;Individual;Shelter;0;0;0;0;1;1
697;190;12300;60;AMS;Charcoal;Individual;Shelter;0;0;0;0;0;1
698;190;12290;60;AMS;Charcoal;Individual;Shelter;0;0;0;0;0;1
699;190;15190;60;AMS;Charcoal;Individual;Shelter;0;0;0;0;0;0
703;191;11090;70;AMS;Bone_collagen;Individual;Cave;0;0;0;0;0;1
704;191;10560;50;AMS;Bone_collagen;Individual;Cave;0;0;0;0;0;1
885;192;11460;90;AMS;Charcoal;Individual;Cave;0;0;0;0;0;1
706;193;8220;40;AMS;Charcoal;Unknown;Cave;0;0;0;0;0;1
707;194;6990;50;AMS;Bone_collagen;Individual;Cave;0;0;0;0;0;1
708;195;13120;120;AMS;Paint_charcoal;Individual;Cave;0;0;0;0;0;0
709;195;13570;190;AMS;Paint_charcoal;Individual;Cave;0;0;0;0;0;0
710;195;13940;170;AMS;Paint_charcoal;Individual;Cave;0;0;0;0;0;0
711;195;14410;200;AMS;Paint_charcoal;Individual;Cave;0;0;0;0;0;0
712;195;14070;70;AMS;Bone_collagen;Individual;Cave;0;0;0;0;0;1
713;195;14250;180;AMS;Paint_humic_fract;Individual;Cave;0;0;0;0;0;0
715;195;14480;250;AMS;Bone_collagen;Individual;Cave;0;0;0;0;0;0
716;195;14520;260;AMS;Bone_collagen;Individual;Cave;0;0;0;0;0;0
717;195;14330;190;AMS;Paint_charcoal;Individual;Cave;0;0;0;0;0;0
718;195;14650;140;AMS;Paint_charcoal;Individual;Cave;0;0;0;0;0;0
995;196;6750;30;AMS;Charcoal;Individual;Cave;0;0;0;0;0;1
997;196;6810;30;AMS;Charcoal;Individual;Cave;0;0;0;0;0;1
998;196;6430;30;AMS;Charcoal;Individual;Cave;0;0;0;0;0;1
999;196;8550;30;AMS;Charcoal;Individual;Cave;0;0;0;0;0;1
1000;196;8400;30;AMS;Charcoal;Individual;Cave;0;0;0;0;0;1
0996_0994;196;7051;25;AMS;Bone;Individual;Cave;0;0;0;0;1;1
721;197;9980;65;AMS;Bone;Individual;Cave;0;0;0;0;1;1
722;198;10400;500;C14;Charcoal;Aggregated;Shelter;0;0;0;0;0;0
723;199;9212;83;AMS;Nd;Unknown;Cave;0;0;0;0;0;1
724;199;8847;119;AMS;Nd;Unknown;Cave;0;0;0;0;0;1
725;200;10120;280;C14;Charcoal;Unknown;Cave;0;0;0;0;0;0
728;200;11130;170;C14;Charcoal;Unknown;Cave;0;0;0;0;0;1
0726_0727;200;11044;113;C14;Charcoal;Unknown;Cave;0;0;0;0;1;1
729;201;10160;110;C14;Charcoal;Unknown;Shelter;0;0;0;0;0;1
975;201;9260;110;C14;Charcoal;Unknown;Shelter;0;0;0;0;0;1
730;202;9600;180;C14;Charcoal;Aggregated;Cave;0;0;0;0;0;1
731;202;10160;400;C14;Charcoal;Aggregated;Cave;0;0;0;0;0;0
732;202;10300;180;C14;Bone_collagen;Aggregated;Cave;0;0;0;0;0;1
733;203;10280;230;C14;Bone_collagen;Aggregated;Cave;0;0;0;0;0;0
734;204;10280;120;AMS;Bone_collagen;Individual;Cave;0;0;0;0;0;1
735;204;10710;100;AMS;Bone_collagen;Individual;Cave;0;0;0;0;0;1
736;205;11460;860;C14;Bone_collagen;Aggregated;Cave;0;0;0;0;0;0
737;205;11700;140;C14;Bone_collagen;Individual;Cave;0;0;0;0;0;1
738;205;10380;140;C14;Bone_collagen;Individual;Cave;0;0;0;0;0;1
739;206;10460;90;C14;Bone_collagen;Unknown;Cave;0;0;0;0;0;1
740;206;10558;244;C14;Bone_collagen;Unknown;Cave;0;0;0;0;0;0
741;207;11270;150;C14;Nd;Unknown;Cave;0;0;0;0;0;1
742;208;11630;170;C14;Bone_collagen;Aggregated;Shelter;0;0;0;0;0;1
743;209;11700;70;C14;Bone_collagen;Unknown;Cave;0;0;0;0;0;1
744;210;7750;40;AMS;Charcoal;Individual;Open;0;0;0;0;0;1
745;211;7480;40;AMS;Charcoal;Individual;Open;0;0;0;0;0;1
746;211;7480;40;AMS;Pollen;Aggregated;Open;0;0;0;0;0;0
747;212;7620;70;C14;Bone_collagen;Aggregated;Shelter;0;0;0;0;0;1
748;212;7920;100;C14;Bone_collagen;Aggregated;Shelter;0;0;0;0;0;1
749;212;8200;70;C14;Bone_collagen;Aggregated;Shelter;0;0;0;0;0;1
750;213;7435;45;AMS;Charcoal;Unknown;Shelter;0;0;0;0;0;1
751;213;7955;45;AMS;Charcoal;Unknown;Shelter;0;0;0;0;0;1
752;213;8060;270;AMS;Charcoal;Unknown;Shelter;0;0;0;0;0;0
753;213;8159;170;AMS;Charcoal;Unknown;Shelter;0;0;0;0;0;1
754;213;8210;210;AMS;Charcoal;Unknown;Shelter;0;0;0;0;0;0
755;213;8390;60;AMS;Charcoal;Unknown;Shelter;0;0;0;0;0;1
756;213;9200;50;AMS;Charcoal;Unknown;Shelter;0;0;0;0;0;1
757;214;8310;60;AMS;Charcoal;Unknown;Shelter;0;0;0;0;0;1
1117;214;6990;50;AMS;Charcoal;Unknown;Shelter;0;0;0;0;0;1
758;215;6830;50;AMS;Bone_collagen;Individual;Shelter;0;0;0;0;0;1
759;215;7600;50;AMS;Bone_collagen;Individual;Shelter;0;0;0;0;0;1
760;215;7550;200;AMS;Bone_collagen;Individual;Shelter;0;0;0;0;0;1
761_762;216;7146;62;AMS;Charcoal;Unknown;Open;0;0;0;0;1;1
763;217;7550;50;AMS;Charcoal;Unknown;Shelter;0;0;0;0;0;1
764;217;7570;100;AMS;Charcoal;Unknown;Shelter;0;0;0;0;0;1
767;217;8080;50;AMS;Charcoal;Unknown;Shelter;0;0;0;0;0;1
769;217;7350;60;AMS;Charcoal;Unknown;Shelter;0;0;0;0;0;1
765_766;217;7760;45;AMS;Charcoal;Unknown;Shelter;0;0;0;0;1;1
768;218;7340;70;C14;Charcoal;Unknown;Shelter;0;0;0;0;0;1
772;219;8530;420;C14;Charcoal;Aggregated;Shelter;0;0;0;0;0;0
776;219;9250;160;C14;Charcoal;Aggregated;Shelter;0;0;0;0;0;1
778;219;10340;130;C14;Charcoal;Aggregated;Shelter;0;0;0;0;0;1
781;219;11690;90;C14;Charcoal;Aggregated;Shelter;0;0;0;0;0;1
782;219;11870;110;C14;Charcoal;Aggregated;Shelter;0;0;0;0;0;1
773_774_775;219;8927;70;C14;Charcoal;Aggregated;Shelter;0;0;0;0;1;1
779_780;219;11290;99;C14;Charcoal;Aggregated;Shelter;0;0;0;0;1;1
883_771;219;8318;116;C14;Charcoal;Aggregated;Shelter;0;0;0;0;1;1
783;220;8270;65;AMS;Charcoal;Unknown;Cave;0;0;0;0;0;1
784;220;8686;55;AMS;Charcoal;Unknown;Cave;0;0;0;0;0;1
793;221;8720;40;AMS;Charcoal;Individual;Open;0;0;0;0;0;1
886;222;7790;40;AMS;Charcoal;Individual;Shelter;0;0;0;0;0;1
887;222;7680;40;AMS;Charcoal;Individual;Shelter;0;0;0;0;0;1
888;222;7210;30;AMS;Charcoal;Individual;Shelter;0;0;0;0;0;1
901;223;7900;50;AMS;Charcoal;Individual;Shelter;0;0;0;0;0;1
1043;223;7390;40;AMS;Charcoal;Individual;Shelter;0;0;0;0;0;1
902_903;224;7248;32;AMS;Charcoal;Individual;Shelter;0;0;0;0;1;1
904;226;6815;45;AMS;Charcoal;Unknown;Shelter;0;0;0;0;0;1
905;226;6995;40;AMS;Bone;Unknown;Shelter;0;0;0;0;0;1
906;226;7035;45;AMS;Bone;Unknown;Shelter;0;0;0;0;0;1
934;227;11115;50;AMS;Bone;Individual;Cave;0;0;0;0;0;1
935;227;10045;45;AMS;Bone;Individual;Cave;0;0;0;0;0;1
939;228;13960;40;AMS;Bone;Individual;Cave;0;0;0;0;0;1
948;229;7320;50;AMS;Charcoal;Unknown;Cave;0;0;0;0;0;1
949;229;9360;40;AMS;Charcoal;Unknown;Cave;0;0;0;0;0;1
950;229;10540;60;AMS;Bone;Unknown;Cave;0;0;0;0;0;1
1055;230;13920;240;C14;Bone;Individual;Cave;0;0;0;0;0;0
1056;230;14440;180;C14;Bone;Individual;Cave;0;0;0;0;0;1
1057;230;15300;700;C14;Bone;Individual;Cave;0;0;0;0;0;0
1058;231;16270;240;C14;Bone;Aggregated;Cave;0;0;0;0;0;0
1059;231;15740;240;C14;Bone;Aggregated;Cave;0;0;0;0;0;0
1063;232;13050;150;C14;Bone;Unknown;Cave;0;0;0;0;0;1
1064;232;14830;170;C14;Bone;Unknown;Cave;0;0;0;0;0;1
1065;233;14090;190;C14;Bone;Individual;Cave;0;0;0;0;0;1
1066;233;14020;130;C14;Bone ;Individual;Cave;0;0;0;0;0;1
1067;234;14690;200;C14;Nd;Unknown;Shelter;0;0;0;0;0;1
1080_1081;235;11636;102;AMS;Bone;Individual;Shelter;0;0;0;0;1;1
267;236;8700;170;C14;Bone;Unknown;Cave;0;0;0;0;0;1
1069;236;17050;140;C14;Bone;Unknown;Cave;0;0;0;0;0;1
1116;236;10280;190;C14;Bone;Unknown;Cave;0;0;0;0;0;1
1083;237;8550;80;AMS;Bone;Individual;Cave;0.5;0;-105;21;0;1
967;238;6800;160;C14;Charcoal;Unknown;Cave;0;0;0;0;0;1
1100;239;8650;185;C14;Charcoal;Individual;Cave;0;0;0;0;0;1
1104;240;9000;150;C14;Nd;Unknown;Cave;0;0;0;0;0;1
1105;241;8640;50;AMS;Charcoal;Individual;Open;0;0;0;0;0;1
1106;241;8950;50;AMS;Charcoal;Individual;Open;0;0;0;0;0;1
1188;249;10760;80;C14;Shell;Aggregated;Open;1;0;95;15;0;1
1183_1184;143;7602;30;AMS;Shell;Unknown;Open;1;0;95;15;1;1
1088;243;8720;40;AMS;Charcoal;Individual;Open;0;0;0;0;0;1
1170;244;8400;70;C14;Charcoal;Aggregated;Open;0;0;0;0;0;1
1171;244;8802;100;C14;charcoal;Aggregated;Open;0;0;0;0;0;1
1172;245;11600;1200;OSL_TL;Sediment;Aggregated;Open;0;0;0;0;0;0
1173;245;11900;1100;OSL_TL;Sediment;Aggregated;Open;0;0;0;0;0;0
1174;245;12700;1000;OSL_TL;Sediment;Aggregated;Open;0;0;0;0;0;0
1175;246;8930;80;AMS;Tooth;Individual;Open;0;0;0;0;0;0
1176;246;9830;130;AMS;Bone;Individual;Open;0;0;0;0;0;1
1177;246;10510;40;AMS;Bone;Individual;Open;0;0;0;0;0;1
1178;246;10800;1700;TL;Sediment;Aggregated;Open;0;0;0;0;0;0
1179;246;11000;1100;OSL_TL;Sediment;Aggregated;Open;0;0;0;0;0;0
1180;246;11800;900;OSL_TL;Sediment;Aggregated;Open;0;0;0;0;0;0
1181;247;10540;95;AMS;Charcoal;Individual;Shelter;0;0;0;0;0;0
1182;247;12340;50;AMS;Charcoal;Individual;Shelter;0;0;0;0;0;0
416_417;143;8452;41;AMS;Shell;Unknown;Open;1;0;95;15;1;1
418_872;143;8373;37;AMS;Shell;Unknown;Open;1;0;95;15;1;1
424_425;143;8095;36;AMS;Shell;Unknown;Open;1;0;95;15;1;1
445_443;147;9044;49;AMS;Shell;Individual;Open;1;0;95;15;1;1
446_447;148;8403;50;AMS;Shell;Unknown;Open;1;0;95;15;1;1
